年月日,時刻コード,始値（円/kWh）,高値（円/kWh）,安値（円/kWh）,終値（円/kWh）,平均（円/kWh）,約定量合計（MWh/h）,約定件数
2026/04/01,1,20.10,22.61,8.52,9.48,16.72,602.1,140
2026/04/01,2,18.94,22.57,7.63,19.44,16.85,640.7,150
2026/04/01,3,16.50,18.60,8.78,14.83,15.20,1138.6,186
2026/04/01,4,16.50,19.45,8.28,15.55,15.51,1692.5,237
2026/04/01,5,16.50,20.07,8.53,16.17,15.71,1532.5,227
2026/04/01,6,16.50,21.93,8.53,15.93,16.00,1504.5,247
2026/04/01,7,19.30,24.00,7.00,7.00,15.60,1240.5,231
2026/04/01,8,19.60,23.78,6.86,16.02,16.55,1411.9,255
2026/04/01,9,19.71,23.71,10.00,16.92,16.77,1248.6,266
2026/04/01,10,19.80,23.91,10.00,16.97,17.02,1252.0,278
2026/04/01,11,20.53,21.53,9.50,17.09,16.61,1239.8,261
2026/04/01,12,20.70,21.80,7.00,12.21,15.62,1154.6,247
2026/04/01,13,21.04,21.04,6.86,18.49,16.04,1201.9,276
2026/04/01,14,20.72,21.01,9.50,16.08,16.67,1113.6,300
2026/04/01,15,20.00,20.00,9.50,18.88,16.21,1494.8,326
2026/04/01,16,19.60,20.58,7.49,19.71,15.85,1375.1,324
2026/04/01,17,16.00,25.13,9.02,24.90,17.75,1673.1,339
2026/04/01,18,11.91,32.40,9.01,23.48,19.54,1847.2,304
2026/04/01,19,22.76,23.06,7.64,7.79,15.15,2913.6,452
2026/04/01,20,9.90,23.39,9.00,9.11,16.44,2498.2,444
2026/04/01,21,7.91,25.01,7.49,10.90,18.13,2372.3,421
2026/04/01,22,7.91,25.01,6.00,11.34,18.64,2216.1,435
2026/04/01,23,7.91,31.22,6.00,13.50,20.32,2388.7,464
2026/04/01,24,7.73,35.40,5.80,24.91,21.12,2199.4,425
2026/04/01,25,7.91,30.00,6.00,11.99,19.26,1998.6,433
2026/04/01,26,30.22,31.22,6.78,8.77,19.71,2021.7,438
2026/04/01,27,40.00,44.70,6.70,11.76,29.46,2375.6,446
2026/04/01,28,39.70,45.40,7.00,16.30,30.97,2535.8,479
2026/04/01,29,39.70,43.51,10.00,14.63,30.73,2472.2,466
2026/04/01,30,39.70,42.62,7.55,11.00,31.31,2356.1,458
2026/04/01,31,39.70,42.89,6.73,15.41,28.81,2222.9,454
2026/04/01,32,32.00,32.00,6.76,15.01,22.80,2009.9,463
2026/04/01,33,32.58,32.58,7.51,15.00,22.67,1565.0,408
2026/04/01,34,35.83,35.83,6.78,35.83,25.19,1545.9,416
2026/04/01,35,32.00,32.11,6.76,26.50,24.42,1270.5,414
2026/04/01,36,39.70,43.44,6.00,14.55,29.34,1784.3,458
2026/04/01,37,38.00,39.60,5.85,21.50,28.86,1671.0,408
2026/04/01,38,38.00,38.54,5.83,27.95,30.14,1695.2,398
2026/04/01,39,31.70,31.90,10.05,31.90,26.62,1346.9,390
2026/04/01,40,31.03,31.03,7.58,25.07,25.15,1232.8,393
2026/04/01,41,23.61,24.01,7.64,18.28,21.72,1183.4,424
2026/04/01,42,23.80,24.38,7.64,24.32,21.71,1135.2,393
2026/04/01,43,23.50,23.55,7.62,20.30,18.92,2028.2,506
2026/04/01,44,22.10,22.28,7.91,22.18,19.00,1742.7,413
2026/04/01,45,21.40,21.50,6.00,18.49,18.44,1539.6,431
2026/04/01,46,21.20,21.37,7.60,16.22,16.91,1602.3,397
2026/04/01,47,21.10,21.40,10.53,17.25,17.85,1488.3,415
2026/04/01,48,20.85,20.95,8.80,16.51,17.05,1357.8,382
2026/04/02,1,21.47,22.07,0.01,11.29,15.22,821.7,156
2026/04/02,2,19.92,24.12,8.29,9.36,17.20,691.0,141
2026/04/02,3,19.67,39.08,8.89,19.78,21.90,538.8,128
2026/04/02,4,19.56,39.89,9.01,18.99,19.02,716.7,147
2026/04/02,5,18.33,39.90,0.11,16.94,17.29,868.5,152
2026/04/02,6,19.53,40.17,10.40,18.14,17.96,866.2,157
2026/04/02,7,19.71,40.25,10.30,19.82,20.51,718.4,144
2026/04/02,8,19.61,41.87,10.30,18.30,21.02,734.0,148
2026/04/02,9,15.37,40.73,7.95,16.17,22.91,455.9,125
2026/04/02,10,20.25,39.04,7.82,17.89,20.98,579.8,154
2026/04/02,11,21.99,38.85,7.83,16.25,22.32,507.0,136
2026/04/02,12,21.98,40.28,7.80,22.69,23.54,510.8,126
2026/04/02,13,22.87,26.08,9.30,14.81,17.37,1401.0,223
2026/04/02,14,25.00,26.01,9.30,13.51,17.70,1519.0,260
2026/04/02,15,31.93,32.00,8.01,16.55,21.70,1050.8,238
2026/04/02,16,29.00,31.90,3.64,3.64,22.00,850.5,230
2026/04/02,17,47.00,47.00,6.84,31.51,24.28,1174.3,267
2026/04/02,18,31.00,31.90,6.88,25.03,20.50,754.8,249
2026/04/02,19,23.47,25.47,1.80,16.01,17.84,847.7,248
2026/04/02,20,23.88,25.18,0.01,16.00,17.71,1208.2,315
2026/04/02,21,23.11,23.52,0.01,6.23,13.49,767.8,260
2026/04/02,22,7.00,26.09,0.01,4.52,13.89,882.1,274
2026/04/02,23,3.00,22.70,0.01,13.50,10.53,794.6,267
2026/04/02,24,45.00,45.60,0.01,1.77,18.34,1258.5,316
2026/04/02,25,0.01,25.34,0.01,18.00,8.76,1312.5,340
2026/04/02,26,22.68,22.78,0.01,0.02,9.04,1161.1,308
2026/04/02,27,23.62,23.62,0.01,13.52,12.16,996.7,301
2026/04/02,28,23.32,23.32,0.01,9.00,12.35,1138.6,329
2026/04/02,29,10.00,23.41,0.01,16.01,10.32,1549.5,354
2026/04/02,30,22.01,22.51,0.01,2.00,10.69,1346.6,364
2026/04/02,31,1.80,21.89,0.01,21.82,13.41,941.5,354
2026/04/02,32,21.87,22.60,0.01,7.99,13.72,1317.4,393
2026/04/02,33,22.84,23.25,6.00,16.01,14.38,1372.0,356
2026/04/02,34,25.60,30.00,8.68,18.00,21.49,1261.2,372
2026/04/02,35,25.06,25.06,9.03,14.99,19.12,1121.2,348
2026/04/02,36,23.70,23.70,11.39,15.00,18.23,1454.8,385
2026/04/02,37,24.18,24.18,13.76,22.69,19.51,1627.9,353
2026/04/02,38,17.91,24.20,12.00,15.70,19.20,1714.5,361
2026/04/02,39,18.78,27.28,12.00,19.30,21.10,1771.2,369
2026/04/02,40,24.30,27.00,7.98,19.00,22.05,1422.0,348
2026/04/02,41,18.65,27.00,7.74,18.01,19.74,1500.3,389
2026/04/02,42,22.93,26.67,7.73,21.00,20.16,1455.9,377
2026/04/02,43,18.30,30.00,6.81,11.00,20.65,1440.1,354
2026/04/02,44,38.00,40.74,10.50,25.00,24.18,1589.6,350
2026/04/02,45,17.74,39.88,10.30,10.99,22.38,1740.6,322
2026/04/02,46,38.00,40.63,0.01,9.00,21.76,1641.8,301
2026/04/02,47,29.90,30.00,10.00,21.02,20.29,1555.1,340
2026/04/02,48,23.47,24.27,7.62,11.00,18.36,1387.3,327
2026/04/03,1,22.39,25.79,0.01,10.80,20.13,1211.9,196
2026/04/03,2,21.27,24.67,0.01,21.40,19.27,1023.2,161
2026/04/03,3,15.40,22.33,5.51,10.60,15.19,872.5,130
2026/04/03,4,20.85,24.25,6.93,18.01,18.83,974.3,140
2026/04/03,5,21.85,25.25,6.95,18.67,20.56,895.4,138
2026/04/03,6,22.57,24.07,6.95,20.01,18.26,809.6,148
2026/04/03,7,24.00,24.50,6.95,19.00,20.72,1057.3,157
2026/04/03,8,24.46,24.96,6.95,17.71,20.42,1072.7,169
2026/04/03,9,30.53,31.43,6.95,20.07,22.75,818.7,170
2026/04/03,10,9.41,32.46,6.95,19.01,22.86,838.8,182
2026/04/03,11,33.71,39.11,6.95,18.73,28.33,1132.7,213
2026/04/03,12,33.11,40.11,6.94,21.90,29.74,1495.0,243
2026/04/03,13,34.00,36.66,16.00,36.55,28.91,1124.9,241
2026/04/03,14,23.43,24.43,6.57,15.01,18.78,1109.4,196
2026/04/03,15,17.51,21.64,1.80,10.01,16.36,790.5,201
2026/04/03,16,1.00,20.24,0.02,6.01,13.70,811.5,201
2026/04/03,17,19.92,20.16,0.10,5.01,10.83,1209.7,225
2026/04/03,18,13.40,22.92,0.01,5.88,10.37,937.3,218
2026/04/03,19,10.00,10.06,0.01,7.65,8.14,1199.9,239
2026/04/03,20,2.05,24.55,0.01,0.21,7.19,1734.4,319
2026/04/03,21,11.40,18.92,0.01,8.00,5.31,1704.0,347
2026/04/03,22,0.01,13.10,0.01,0.20,4.86,1659.1,317
2026/04/03,23,0.01,7.40,0.01,0.20,2.66,1337.5,275
2026/04/03,24,0.01,4.00,0.01,0.12,1.89,1619.5,294
2026/04/03,25,0.01,4.70,0.01,0.12,1.39,1187.4,270
2026/04/03,26,3.00,4.50,0.01,4.50,1.16,1183.5,249
2026/04/03,27,0.01,13.00,0.01,11.85,7.05,1168.6,281
2026/04/03,28,1.00,12.50,0.01,0.20,6.46,1351.4,313
2026/04/03,29,8.68,8.68,0.01,0.21,4.38,1713.4,350
2026/04/03,30,0.01,10.10,0.01,8.01,5.69,1562.2,316
2026/04/03,31,0.01,14.65,0.01,3.55,6.37,1552.5,340
2026/04/03,32,2.65,19.88,0.01,5.01,11.20,1515.6,355
2026/04/03,33,100.00,100.00,0.01,15.01,14.88,1244.9,305
2026/04/03,34,1.02,21.77,0.31,15.01,16.60,1394.5,309
2026/04/03,35,22.03,22.38,1.80,21.63,17.99,1090.1,274
2026/04/03,36,19.56,30.72,0.10,20.01,23.10,1108.2,329
2026/04/03,37,30.53,31.14,6.00,23.11,24.76,1142.2,323
2026/04/03,38,24.77,26.00,7.13,20.05,22.79,1492.0,347
2026/04/03,39,45.00,50.98,7.03,50.01,39.07,1526.8,307
2026/04/03,40,40.01,50.00,7.03,50.00,35.67,1253.1,301
2026/04/03,41,45.00,51.50,6.93,35.01,37.46,1659.7,350
2026/04/03,42,37.00,44.00,6.95,35.00,30.26,1985.1,369
2026/04/03,43,35.32,37.92,7.15,37.92,27.16,1546.6,325
2026/04/03,44,29.10,29.97,6.95,18.20,18.00,1634.8,329
2026/04/03,45,22.70,22.70,5.98,18.71,17.60,1034.2,249
2026/04/03,46,100.00,100.00,6.22,20.10,19.26,1774.2,278
2026/04/03,47,24.10,25.09,6.28,24.90,18.93,1157.7,268
2026/04/03,48,24.30,25.30,6.22,20.00,18.12,1323.7,293
2026/04/04,1,20.94,21.05,0.01,15.47,15.31,498.9,117
2026/04/04,2,21.40,22.10,0.01,10.80,15.39,439.4,124
2026/04/04,3,20.20,23.60,0.01,14.01,15.87,478.8,123
2026/04/04,4,19.90,22.28,1.95,16.44,15.32,474.8,102
2026/04/04,5,20.00,23.90,8.00,23.90,16.40,485.2,122
2026/04/04,6,20.02,23.90,6.91,18.12,17.35,442.5,114
2026/04/04,7,20.00,27.71,6.86,14.67,18.37,540.5,124
2026/04/04,8,20.00,33.35,6.86,19.61,18.99,718.6,144
2026/04/04,9,20.15,33.49,6.86,14.27,20.48,549.5,110
2026/04/04,10,20.58,29.10,10.59,14.01,17.54,699.7,139
2026/04/04,11,20.57,28.90,6.86,14.65,16.50,783.0,144
2026/04/04,12,20.00,22.31,6.86,20.01,15.81,691.9,140
2026/04/04,13,21.00,21.46,8.88,17.09,15.25,904.3,175
2026/04/04,14,21.00,21.01,6.86,14.01,16.97,710.5,147
2026/04/04,15,19.98,23.98,6.86,11.01,17.68,742.9,142
2026/04/04,16,19.02,21.01,5.00,9.40,16.65,699.8,140
2026/04/04,17,5.01,24.05,4.90,9.99,15.97,855.3,185
2026/04/04,18,3.55,21.16,2.95,4.99,16.50,632.7,160
2026/04/04,19,5.01,21.78,5.00,12.01,16.41,700.6,169
2026/04/04,20,25.00,25.18,4.37,18.53,18.63,829.6,191
2026/04/04,21,21.38,21.48,3.70,17.09,15.63,890.5,236
2026/04/04,22,30.72,31.72,5.08,12.62,22.86,1278.4,258
2026/04/04,23,20.39,22.02,0.01,10.19,15.92,896.1,230
2026/04/04,24,33.00,37.06,2.50,14.31,23.14,1079.6,256
2026/04/04,25,32.00,32.92,0.01,9.04,21.85,975.7,264
2026/04/04,26,14.89,28.77,0.01,28.76,21.47,752.6,236
2026/04/04,27,13.04,29.11,0.01,15.20,21.30,745.2,212
2026/04/04,28,21.69,21.69,0.01,12.78,17.37,813.6,204
2026/04/04,29,29.47,29.57,0.01,17.01,21.76,726.1,242
2026/04/04,30,28.76,28.87,0.01,16.33,21.64,773.7,241
2026/04/04,31,32.00,35.70,0.01,17.01,25.82,1277.1,314
2026/04/04,32,34.00,38.57,0.01,9.53,28.47,1302.9,313
2026/04/04,33,32.81,36.54,0.01,19.08,25.04,1151.7,298
2026/04/04,34,29.11,32.21,0.01,17.48,22.56,922.7,255
2026/04/04,35,29.47,32.57,0.01,18.83,19.78,1247.8,286
2026/04/04,36,28.66,31.51,0.01,18.59,19.17,1410.3,314
2026/04/04,37,21.25,30.00,5.91,30.00,16.76,1315.5,340
2026/04/04,38,18.75,35.70,5.94,18.50,17.66,1416.5,322
2026/04/04,39,18.74,35.50,5.93,18.99,16.80,1541.0,328
2026/04/04,40,18.54,25.00,5.90,18.00,15.68,1430.2,342
2026/04/04,41,16.79,36.09,0.01,15.15,17.63,1314.5,320
2026/04/04,42,16.59,24.03,0.01,14.47,16.65,1134.6,269
2026/04/04,43,20.21,25.00,0.01,14.57,17.03,1745.4,340
2026/04/04,44,18.64,25.00,0.01,14.67,16.55,1281.8,262
2026/04/04,45,17.93,22.03,0.01,22.03,14.89,1055.6,257
2026/04/04,46,17.15,22.78,0.01,19.15,15.57,1086.4,254
2026/04/04,47,15.78,25.00,0.01,14.47,15.87,1233.4,247
2026/04/04,48,17.54,22.14,0.01,16.60,16.09,663.6,221
2026/04/05,1,10.53,999.00,0.01,100.00,174.49,971.2,142
2026/04/05,2,10.15,999.00,0.01,100.00,105.31,760.1,122
2026/04/05,3,10.11,999.00,0.01,30.00,102.93,758.6,127
2026/04/05,4,10.11,999.00,0.01,30.00,98.76,798.8,132
2026/04/05,5,10.15,23.13,0.01,19.07,19.24,683.5,123
2026/04/05,6,19.25,23.16,0.01,20.79,19.56,648.1,119
2026/04/05,7,14.00,23.64,0.01,18.23,18.76,738.2,135
2026/04/05,8,19.34,23.19,0.01,19.34,18.41,825.5,142
2026/04/05,9,16.43,23.35,0.01,18.92,17.82,1229.7,178
2026/04/05,10,17.87,23.13,0.01,12.01,19.83,704.0,121
2026/04/05,11,19.10,22.96,0.01,16.64,17.31,898.9,153
2026/04/05,12,18.74,22.94,0.01,12.72,19.36,691.9,127
2026/04/05,13,17.35,21.22,0.01,14.49,15.49,1315.8,195
2026/04/05,14,13.70,20.99,0.01,14.00,15.36,769.7,167
2026/04/05,15,12.54,17.04,0.01,9.08,13.57,1205.3,168
2026/04/05,16,1.80,30.97,0.01,8.19,11.44,1128.4,190
2026/04/05,17,0.01,24.48,0.01,8.19,7.01,1923.7,283
2026/04/05,18,0.01,22.88,0.01,4.01,4.41,2549.1,359
2026/04/05,19,0.01,21.33,0.01,2.96,7.12,1101.9,209
2026/04/05,20,0.01,21.56,0.01,15.36,7.49,1017.7,204
2026/04/05,21,0.01,22.46,0.01,15.45,6.25,1132.7,264
2026/04/05,22,0.01,21.34,0.01,15.00,5.98,1255.1,281
2026/04/05,23,0.01,21.26,0.01,12.56,6.10,975.9,224
2026/04/05,24,0.01,30.00,0.01,30.00,6.18,1100.5,238
2026/04/05,25,0.01,21.66,0.01,12.85,6.99,1078.8,197
2026/04/05,26,0.01,23.75,0.01,0.01,6.92,967.0,190
2026/04/05,27,0.01,30.00,0.01,0.01,7.32,1421.2,217
2026/04/05,28,0.01,30.00,0.01,30.00,6.75,1059.3,240
2026/04/05,29,0.01,200.00,0.01,1.10,12.16,1195.2,277
2026/04/05,30,0.01,24.28,0.01,2.95,7.92,1055.3,219
2026/04/05,31,0.01,30.00,0.01,7.02,8.16,1104.2,238
2026/04/05,32,0.01,30.00,0.01,2.17,5.99,1643.7,325
2026/04/05,33,0.01,30.00,0.01,4.70,5.37,2025.0,356
2026/04/05,34,28.69,48.01,1.00,5.80,11.19,1508.2,267
2026/04/05,35,7.33,30.00,5.82,8.49,18.16,768.3,194
2026/04/05,36,28.16,28.52,1.54,7.03,15.30,787.7,216
2026/04/05,37,27.93,29.05,7.52,28.94,15.86,896.1,238
2026/04/05,38,32.29,35.00,7.50,26.21,16.23,961.6,226
2026/04/05,39,27.99,29.50,6.90,14.33,15.14,1031.5,231
2026/04/05,40,27.30,29.29,7.00,14.57,15.16,1076.5,240
2026/04/05,41,28.00,28.23,7.00,13.93,14.83,959.5,220
2026/04/05,42,28.00,28.41,6.01,28.41,13.90,1164.7,240
2026/04/05,43,28.00,32.04,6.73,20.51,17.73,1292.9,273
2026/04/05,44,25.00,27.62,5.99,8.68,17.53,892.9,199
2026/04/05,45,14.46,25.06,5.97,21.19,15.04,763.7,173
2026/04/05,46,9.57,25.45,5.92,9.37,12.07,805.3,181
2026/04/05,47,20.70,25.00,5.92,19.20,13.78,850.4,188
2026/04/05,48,19.03,22.84,5.91,6.95,15.21,475.3,165
2026/04/06,1,14.53,18.72,1.00,13.43,10.15,643.7,82
2026/04/06,2,17.53,18.00,1.00,18.00,11.81,430.6,73
2026/04/06,3,17.00,17.89,1.00,17.00,11.90,440.8,71
2026/04/06,4,16.88,17.88,1.00,17.00,13.02,354.5,72
2026/04/06,5,16.80,18.17,1.00,14.00,14.83,385.1,61
2026/04/06,6,17.16,18.76,1.00,14.89,15.06,346.3,64
2026/04/06,7,18.88,22.50,5.78,17.00,15.20,464.6,91
2026/04/06,8,16.75,22.50,5.81,18.27,15.80,348.5,101
2026/04/06,9,17.15,23.00,7.65,18.00,16.02,339.3,90
2026/04/06,10,17.34,23.00,7.61,12.61,15.51,341.2,84
2026/04/06,11,19.80,23.50,7.61,19.90,17.18,426.1,103
2026/04/06,12,20.10,24.00,7.61,20.19,16.99,414.3,111
2026/04/06,13,19.41,19.61,7.61,14.01,15.81,640.7,108
2026/04/06,14,16.76,22.43,6.63,18.71,17.13,643.7,149
2026/04/06,15,15.49,22.09,7.69,16.97,16.29,685.8,153
2026/04/06,16,16.15,26.82,0.01,26.82,15.61,600.4,149
2026/04/06,17,9.25,30.00,0.01,11.33,11.08,643.1,126
2026/04/06,18,9.79,26.85,0.01,8.21,13.51,977.0,159
2026/04/06,19,8.10,9.66,0.01,7.61,7.85,851.9,187
2026/04/06,20,1.80,9.18,0.01,3.04,4.87,716.4,199
2026/04/06,21,1.80,5.50,0.01,5.50,3.36,912.3,216
2026/04/06,22,1.80,5.00,0.01,3.00,2.42,613.4,192
2026/04/06,23,0.01,9.68,0.01,8.51,6.13,860.3,229
2026/04/06,24,0.01,17.16,0.01,10.00,7.89,602.0,193
2026/04/06,25,0.01,17.17,0.01,3.14,3.55,886.3,248
2026/04/06,26,0.95,4.95,0.01,0.02,1.91,1004.8,258
2026/04/06,27,0.50,18.00,0.01,6.29,7.03,661.5,222
2026/04/06,28,4.00,17.47,0.01,5.00,9.04,1370.1,239
2026/04/06,29,8.51,21.19,0.01,10.71,12.43,1244.0,291
2026/04/06,30,8.51,21.50,0.01,6.60,11.60,511.7,218
2026/04/06,31,15.00,25.50,0.01,7.59,13.31,606.7,235
2026/04/06,32,11.90,25.89,1.80,15.99,13.46,938.5,251
2026/04/06,33,18.64,28.33,5.25,9.69,19.76,744.4,304
2026/04/06,34,24.55,32.13,5.39,10.04,20.37,1016.6,298
2026/04/06,35,29.90,38.00,1.00,19.00,22.72,1820.0,379
2026/04/06,36,29.90,40.72,1.00,25.13,22.42,1931.1,372
2026/04/06,37,35.62,38.00,1.00,37.19,21.35,2115.3,370
2026/04/06,38,36.47,38.40,8.37,8.65,21.86,1979.9,354
2026/04/06,39,27.61,29.21,5.87,29.11,17.17,1718.6,314
2026/04/06,40,25.50,28.28,7.47,15.94,15.71,1676.3,304
2026/04/06,41,15.64,26.28,7.39,14.14,16.47,1872.5,343
2026/04/06,42,24.51,26.61,7.40,14.47,15.60,1610.7,303
2026/04/06,43,10.35,27.00,8.40,10.45,14.05,1581.0,281
2026/04/06,44,14.26,23.95,8.37,14.36,15.14,1505.1,276
2026/04/06,45,11.90,22.00,1.00,12.00,13.88,1137.1,241
2026/04/06,46,9.50,22.00,1.00,9.50,15.05,878.0,237
2026/04/06,47,10.09,20.37,1.00,19.37,13.96,994.5,203
2026/04/06,48,8.74,20.51,1.00,18.51,17.88,473.7,167
2026/04/07,1,17.61,19.10,8.39,17.76,15.84,337.3,112
2026/04/07,2,18.05,18.45,6.93,18.16,12.91,458.7,118
2026/04/07,3,16.50,18.20,6.93,18.20,13.14,408.1,108
2026/04/07,4,8.93,17.63,7.05,7.05,12.70,555.8,111
2026/04/07,5,16.50,17.55,8.94,17.55,12.76,499.0,95
2026/04/07,6,16.50,18.45,10.19,14.00,15.49,297.0,79
2026/04/07,7,18.06,18.46,8.40,12.80,15.74,318.6,116
2026/04/07,8,16.50,18.17,10.00,18.16,15.02,321.2,131
2026/04/07,9,16.58,18.58,9.03,16.00,15.50,312.2,121
2026/04/07,10,16.71,18.72,9.03,18.00,15.09,400.2,134
2026/04/07,11,18.87,18.97,11.61,18.00,16.05,401.2,148
2026/04/07,12,18.78,19.28,14.30,19.28,16.08,415.5,107
2026/04/07,13,18.96,19.36,14.00,19.36,15.82,393.7,125
2026/04/07,14,19.10,19.10,10.00,14.18,15.95,609.4,127
2026/04/07,15,19.99,19.99,6.90,16.20,16.29,449.6,162
2026/04/07,16,20.19,20.19,6.92,14.00,16.78,661.6,221
2026/04/07,17,21.00,21.78,8.40,16.01,18.34,506.1,218
2026/04/07,18,23.00,24.00,1.00,21.00,17.33,341.8,172
2026/04/07,19,19.25,30.70,8.27,8.27,18.65,409.0,204
2026/04/07,20,100.00,100.00,2.95,17.93,23.76,719.9,211
2026/04/07,21,0.08,100.00,0.01,20.01,24.99,789.3,236
2026/04/07,22,0.08,30.30,0.01,26.01,20.33,674.0,248
2026/04/07,23,0.08,33.50,0.01,23.01,22.26,832.4,265
2026/04/07,24,0.08,38.10,0.01,13.98,25.02,975.6,293
2026/04/07,25,0.08,30.20,0.01,6.01,20.46,754.0,273
2026/04/07,26,0.01,26.70,0.01,18.87,17.65,846.0,306
2026/04/07,27,0.01,32.01,0.01,16.41,18.91,687.4,301
2026/04/07,28,0.08,30.48,0.01,21.86,20.29,744.8,286
2026/04/07,29,0.08,30.30,0.01,16.42,21.09,799.9,284
2026/04/07,30,0.08,29.01,0.01,24.80,14.99,994.4,319
2026/04/07,31,0.08,29.00,0.01,23.01,14.55,1074.1,339
2026/04/07,32,23.80,27.49,0.01,18.41,13.60,1328.0,384
2026/04/07,33,22.00,24.00,6.88,19.00,19.90,1062.8,322
2026/04/07,34,29.47,29.97,6.93,19.50,22.07,1157.2,314
2026/04/07,35,27.50,27.50,6.84,20.50,22.42,830.5,280
2026/04/07,36,35.34,45.00,7.90,45.00,27.47,641.1,224
2026/04/07,37,100.00,100.00,6.87,20.42,30.18,933.5,269
2026/04/07,38,100.00,100.00,6.84,22.56,30.18,925.0,250
2026/04/07,39,100.00,100.00,9.39,22.30,30.80,763.7,242
2026/04/07,40,26.78,30.88,8.04,19.87,22.32,632.3,227
2026/04/07,41,28.58,31.68,6.93,23.20,24.21,737.9,271
2026/04/07,42,22.84,25.94,6.93,18.24,20.78,734.2,249
2026/04/07,43,19.66,22.46,7.03,20.57,18.88,542.1,225
2026/04/07,44,20.85,24.05,6.92,24.05,20.32,759.2,232
2026/04/07,45,21.40,24.65,6.94,19.00,19.96,366.5,168
2026/04/07,46,20.92,24.02,4.00,22.00,19.72,457.6,186
2026/04/07,47,20.48,23.68,6.94,20.98,20.34,494.9,188
2026/04/07,48,16.50,23.58,7.89,12.96,19.71,662.3,229
2026/04/08,1,19.16,20.00,6.93,19.16,18.52,321.5,127
2026/04/08,2,17.57,23.04,11.00,19.50,15.15,692.0,156
2026/04/08,3,17.17,22.72,6.93,18.98,15.77,609.1,140
2026/04/08,4,17.07,45.00,6.93,19.23,17.94,564.4,128
2026/04/08,5,17.53,45.00,12.77,22.22,18.05,700.0,147
2026/04/08,6,21.08,25.18,8.51,18.83,18.10,621.4,141
2026/04/08,7,21.60,45.00,12.79,19.50,22.15,586.9,147
2026/04/08,8,21.96,45.00,14.85,19.63,23.71,589.2,159
2026/04/08,9,22.75,45.00,0.01,19.91,20.85,681.9,176
2026/04/08,10,24.11,29.51,0.01,24.62,15.92,1054.6,231
2026/04/08,11,24.11,24.64,10.00,24.51,18.00,684.8,194
2026/04/08,12,27.73,28.63,9.13,28.23,18.70,801.2,218
2026/04/08,13,24.61,30.63,10.00,20.85,18.20,933.4,263
2026/04/08,14,21.22,36.22,5.00,20.01,16.72,609.0,170
2026/04/08,15,18.76,21.66,5.00,17.40,12.62,405.4,134
2026/04/08,16,3.95,36.82,2.00,9.21,13.00,660.2,190
2026/04/08,17,13.00,30.00,1.00,8.00,7.40,489.4,192
2026/04/08,18,0.20,30.00,0.01,3.00,8.49,435.2,163
2026/04/08,19,0.20,20.00,0.01,10.00,4.75,806.6,227
2026/04/08,20,0.20,45.00,0.01,12.00,5.34,1924.4,338
2026/04/08,21,0.20,12.00,0.01,2.01,4.34,2444.0,373
2026/04/08,22,0.20,13.01,0.01,8.11,5.06,1155.3,259
2026/04/08,23,0.20,20.00,0.01,13.93,4.84,831.3,242
2026/04/08,24,0.20,20.00,0.01,7.01,5.98,1190.4,274
2026/04/08,25,0.20,12.00,0.01,0.01,3.69,1281.1,267
2026/04/08,26,0.20,12.00,0.01,6.00,3.66,1579.0,287
2026/04/08,27,0.12,20.00,0.01,0.01,2.63,1011.1,266
2026/04/08,28,0.12,10.79,0.01,5.03,5.01,1938.6,341
2026/04/08,29,0.12,16.77,0.01,10.00,5.81,1730.4,303
2026/04/08,30,0.12,25.00,0.01,11.84,5.25,1057.4,277
2026/04/08,31,0.01,41.75,0.01,12.13,7.98,852.8,252
2026/04/08,32,0.01,21.88,0.01,17.40,8.89,820.7,250
2026/04/08,33,10.50,29.87,2.62,17.81,13.03,641.2,214
2026/04/08,34,23.00,29.51,6.85,24.51,19.02,601.3,231
2026/04/08,35,25.64,27.76,8.39,25.74,21.78,500.9,220
2026/04/08,36,35.50,36.10,8.49,35.50,27.73,1136.0,322
2026/04/08,37,35.50,40.00,8.64,20.51,30.31,762.0,207
2026/04/08,38,36.13,40.00,8.00,16.74,32.13,898.3,221
2026/04/08,39,34.69,45.00,8.52,30.68,33.29,699.8,195
2026/04/08,40,35.50,43.90,8.41,43.90,34.16,706.8,192
2026/04/08,41,38.94,40.44,8.61,40.05,34.65,682.0,189
2026/04/08,42,34.65,38.90,8.59,33.00,31.82,582.8,198
2026/04/08,43,35.76,37.25,8.30,27.22,31.42,899.1,226
2026/04/08,44,34.01,35.29,8.16,35.29,28.50,705.2,197
2026/04/08,45,27.93,30.00,8.09,23.24,27.15,545.9,190
2026/04/08,46,25.50,45.00,6.74,20.14,26.98,428.7,176
2026/04/08,47,16.51,26.91,8.48,24.92,22.68,269.8,153
2026/04/08,48,18.59,22.75,8.39,20.01,20.23,273.7,151
2026/04/09,1,19.95,20.34,0.01,19.00,16.50,493.9,133
2026/04/09,2,19.38,20.01,10.27,17.07,17.02,350.9,108
2026/04/09,3,20.00,20.00,9.30,19.22,17.27,293.7,94
2026/04/09,4,18.14,20.40,9.30,20.40,16.45,420.9,105
2026/04/09,5,19.99,23.00,9.39,20.11,19.22,293.0,94
2026/04/09,6,20.32,30.00,0.01,19.94,22.49,1540.2,133
2026/04/09,7,21.49,45.00,8.40,20.08,26.59,828.2,133
2026/04/09,8,21.99,45.01,8.51,19.91,27.09,830.8,130
2026/04/09,9,22.55,45.01,8.55,45.00,27.29,844.6,142
2026/04/09,10,24.07,45.00,8.58,24.09,31.34,1491.8,148
2026/04/09,11,26.60,32.00,8.40,18.99,25.02,1586.0,200
2026/04/09,12,26.60,30.01,9.40,22.57,26.63,1328.3,177
2026/04/09,13,24.98,28.00,7.30,20.01,22.88,664.8,173
2026/04/09,14,19.66,20.76,7.30,14.91,18.53,300.4,125
2026/04/09,15,8.11,19.01,7.61,17.00,14.27,466.8,166
2026/04/09,16,16.69,26.82,6.02,15.70,14.90,240.7,153
2026/04/09,17,3.00,19.01,0.01,15.77,10.66,266.0,143
2026/04/09,18,0.53,20.01,0.01,16.00,10.23,391.1,158
2026/04/09,19,0.01,35.00,0.01,16.17,9.08,463.1,181
2026/04/09,20,0.20,35.00,0.01,11.54,8.98,811.8,216
2026/04/09,21,0.01,21.39,0.01,12.48,8.73,963.9,241
2026/04/09,22,0.20,20.98,0.01,12.54,6.70,702.9,212
2026/04/09,23,0.20,18.53,0.01,13.52,7.98,705.9,217
2026/04/09,24,0.20,18.66,0.01,15.03,8.38,659.2,217
2026/04/09,25,0.01,20.01,0.01,16.01,10.94,1210.6,265
2026/04/09,26,0.01,22.61,0.01,16.01,9.67,808.4,226
2026/04/09,27,0.01,22.56,0.01,18.01,10.77,651.4,245
2026/04/09,28,0.01,21.68,0.01,18.07,13.29,999.5,337
2026/04/09,29,0.01,22.92,0.01,14.83,14.91,1036.3,332
2026/04/09,30,2.50,25.50,1.91,19.01,19.58,797.3,300
2026/04/09,31,22.03,24.42,5.57,13.57,18.00,781.5,337
2026/04/09,32,26.00,45.00,0.01,31.02,21.68,1504.1,476
2026/04/09,33,17.29,65.00,6.57,40.00,26.27,1165.3,385
2026/04/09,34,19.45,50.00,8.00,45.01,29.06,1903.0,288
2026/04/09,35,28.30,45.01,11.82,45.01,27.85,1478.2,261
2026/04/09,36,28.14,44.64,0.01,25.00,27.66,1779.4,297
2026/04/09,37,19.71,55.00,9.24,30.94,34.15,1614.6,291
2026/04/09,38,27.60,49.68,9.54,24.16,32.95,1146.3,228
2026/04/09,39,27.60,45.00,9.39,24.93,31.97,1073.0,205
2026/04/09,40,28.06,45.00,9.40,20.09,29.21,1109.6,225
2026/04/09,41,28.41,45.00,0.01,31.02,29.08,1125.4,265
2026/04/09,42,28.23,41.75,12.14,21.45,28.00,1022.9,252
2026/04/09,43,27.00,30.10,13.00,21.50,26.66,731.8,239
2026/04/09,44,25.38,30.38,12.01,26.40,23.32,420.0,181
2026/04/09,45,25.11,28.21,11.50,28.21,23.82,572.8,216
2026/04/09,46,22.10,24.50,10.06,18.41,22.04,529.2,219
2026/04/09,47,25.37,25.71,10.06,19.61,22.48,551.2,255
2026/04/09,48,21.11,24.51,0.12,21.51,14.34,772.6,260
2026/04/10,1,30.00,30.00,12.66,18.99,16.87,380.9,110
2026/04/10,2,19.48,19.48,11.56,11.56,15.22,599.2,139
2026/04/10,3,19.49,19.49,10.99,10.99,14.90,524.5,143
2026/04/10,4,19.39,20.90,11.00,19.00,15.80,566.7,153
2026/04/10,5,19.45,19.45,11.00,16.89,15.35,693.8,139
2026/04/10,6,16.56,19.54,13.90,13.91,16.35,526.7,120
2026/04/10,7,19.79,19.79,6.44,15.00,16.58,655.5,179
2026/04/10,8,18.42,20.10,9.08,13.91,17.32,553.0,177
2026/04/10,9,20.10,22.37,10.95,13.90,18.50,750.4,195
2026/04/10,10,20.36,21.00,11.27,19.76,18.61,734.3,198
2026/04/10,11,20.48,21.00,9.98,19.88,17.97,835.5,223
2026/04/10,12,20.50,21.91,10.97,21.00,17.78,1042.8,238
2026/04/10,13,19.06,20.56,10.26,18.11,17.71,752.4,206
2026/04/10,14,19.81,21.21,14.41,21.21,18.53,680.3,188
2026/04/10,15,20.99,21.99,14.98,14.98,18.60,808.4,220
2026/04/10,16,22.00,30.00,15.01,17.01,21.00,724.9,194
2026/04/10,17,27.50,30.10,8.10,20.42,27.22,1143.3,238
2026/04/10,18,30.00,43.00,10.00,28.25,30.40,2182.3,330
2026/04/10,19,31.03,43.00,11.90,27.89,30.41,1865.0,321
2026/04/10,20,32.24,45.00,10.51,29.21,32.13,1551.5,264
2026/04/10,21,29.64,35.00,0.01,21.83,29.44,1713.4,290
2026/04/10,22,29.29,35.15,8.44,22.00,29.15,1661.4,271
2026/04/10,23,28.85,35.00,8.37,23.85,29.26,1673.1,286
2026/04/10,24,28.00,35.00,6.90,26.01,29.05,1364.6,245
2026/04/10,25,25.00,28.50,8.35,20.01,22.34,787.2,290
2026/04/10,26,27.50,45.00,6.68,20.01,24.11,662.3,261
2026/04/10,27,28.10,45.00,6.91,27.95,32.47,1615.7,274
2026/04/10,28,28.74,45.00,6.22,45.00,33.15,1670.1,306
2026/04/10,29,28.60,45.00,6.22,27.98,33.09,1580.4,275
2026/04/10,30,27.50,45.00,6.22,26.36,28.94,1571.7,291
2026/04/10,31,27.50,73.47,6.22,30.41,29.36,1888.6,289
2026/04/10,32,27.50,50.00,8.65,21.19,30.31,1530.0,246
2026/04/10,33,27.50,54.00,9.08,19.72,34.19,1833.0,236
2026/04/10,34,27.50,54.00,9.13,30.15,32.25,1720.7,269
2026/04/10,35,27.50,55.00,9.45,25.01,32.76,2055.9,321
2026/04/10,36,27.50,45.00,8.02,26.01,31.53,1723.7,299
2026/04/10,37,27.50,50.00,7.79,28.04,30.65,1534.6,327
2026/04/10,38,27.50,50.00,8.03,27.00,32.28,1687.8,334
2026/04/10,39,27.50,45.00,6.91,27.00,30.14,1408.9,282
2026/04/10,40,23.44,45.00,8.02,19.41,25.75,1440.5,323
2026/04/10,41,20.84,45.00,8.02,19.40,21.22,1139.8,303
2026/04/10,42,20.66,45.00,0.01,22.00,21.53,1533.8,361
2026/04/10,43,20.14,30.00,14.70,20.32,23.21,1296.3,297
2026/04/10,44,17.91,26.01,15.10,18.84,19.38,1569.8,300
2026/04/10,45,19.31,30.00,9.30,19.80,21.94,1328.7,267
2026/04/10,46,21.25,30.00,9.30,22.22,19.35,1482.4,333
2026/04/10,47,20.52,30.00,9.30,21.01,21.21,1291.2,255
2026/04/10,48,19.71,30.00,9.30,18.77,19.53,1720.6,246
2026/04/11,1,16.23,26.00,9.79,26.00,15.47,448.9,117
2026/04/11,2,17.19,26.00,9.07,18.17,16.20,473.6,129
2026/04/11,3,18.92,23.03,9.00,18.91,14.85,363.8,115
2026/04/11,4,16.69,26.00,8.94,19.19,20.52,600.5,101
2026/04/11,5,16.94,23.00,9.07,19.15,16.94,763.4,125
2026/04/11,6,16.68,23.00,9.97,14.02,17.55,832.4,116
2026/04/11,7,20.11,26.00,9.00,26.00,15.94,873.5,147
2026/04/11,8,20.10,26.00,8.28,16.61,16.05,1176.3,201
2026/04/11,9,16.12,26.00,8.35,15.20,14.22,1237.5,209
2026/04/11,10,19.29,26.00,10.00,26.00,13.48,870.4,165
2026/04/11,11,16.53,28.52,10.00,28.52,15.51,957.5,163
2026/04/11,12,15.73,28.00,10.30,14.99,16.44,814.3,149
2026/04/11,13,9.50,21.01,8.17,14.69,16.63,617.0,152
2026/04/11,14,12.68,17.09,5.00,17.09,12.86,898.1,203
2026/04/11,15,3.60,16.49,3.40,12.00,11.77,1069.8,185
2026/04/11,16,2.10,15.01,1.95,11.16,11.30,918.0,201
2026/04/11,17,0.60,14.76,0.53,13.00,7.70,774.1,188
2026/04/11,18,0.01,16.51,0.01,0.01,5.45,695.5,227
2026/04/11,19,0.01,11.66,0.01,0.12,4.78,824.7,267
2026/04/11,20,0.01,7.50,0.01,0.79,2.15,1197.1,248
2026/04/11,21,0.01,6.00,0.01,0.01,0.65,1380.1,316
2026/04/11,22,0.10,7.18,0.01,0.01,0.61,1583.2,346
2026/04/11,23,0.10,6.00,0.01,0.01,0.70,1639.3,323
2026/04/11,24,0.01,6.03,0.01,0.01,0.43,1401.3,266
2026/04/11,25,0.01,6.60,0.01,0.01,0.71,1334.7,222
2026/04/11,26,0.01,6.01,0.01,0.01,0.60,1213.7,225
2026/04/11,27,0.01,8.27,0.01,7.41,1.17,1268.5,303
2026/04/11,28,0.01,11.52,0.01,0.01,1.54,1026.5,300
2026/04/11,29,0.01,16.31,0.01,0.01,2.48,1091.1,310
2026/04/11,30,0.01,21.26,0.01,0.01,1.89,983.2,261
2026/04/11,31,0.01,16.77,0.01,3.67,4.06,760.5,258
2026/04/11,32,0.01,16.76,0.01,1.30,5.33,901.5,260
2026/04/11,33,0.99,19.14,0.01,17.49,5.31,991.0,274
2026/04/11,34,5.10,17.37,0.01,14.01,7.18,924.5,269
2026/04/11,35,16.54,18.53,1.80,10.00,12.47,590.8,198
2026/04/11,36,13.01,21.19,0.01,16.87,15.93,974.6,232
2026/04/11,37,17.48,21.52,10.54,14.01,17.01,1429.5,332
2026/04/11,38,10.40,22.55,9.00,17.61,15.89,1462.6,319
2026/04/11,39,10.85,19.51,9.00,16.47,15.61,1320.0,297
2026/04/11,40,18.45,19.95,9.00,14.74,15.09,1299.1,295
2026/04/11,41,17.07,19.00,9.00,14.16,14.51,1337.6,273
2026/04/11,42,16.26,19.30,9.00,18.90,13.53,1443.6,288
2026/04/11,43,8.50,19.86,6.00,7.00,12.49,1931.9,332
2026/04/11,44,5.20,18.60,4.90,18.14,13.42,1632.4,297
2026/04/11,45,17.41,18.91,1.00,9.75,11.81,1616.7,332
2026/04/11,46,17.06,20.06,0.90,11.90,10.41,1826.3,344
2026/04/11,47,17.10,18.60,0.90,18.20,10.56,1786.9,342
2026/04/11,48,1.50,18.65,0.33,8.73,9.58,1324.0,274
2026/04/12,1,10.43,18.15,6.60,7.01,13.05,638.7,77
2026/04/12,2,17.01,17.63,5.00,17.63,10.07,524.6,84
2026/04/12,3,9.31,16.07,7.82,15.28,11.95,727.1,94
2026/04/12,4,9.31,16.58,8.59,15.69,13.64,793.9,97
2026/04/12,5,11.19,17.12,8.19,9.07,14.35,725.6,85
2026/04/12,6,11.94,16.59,1.00,11.00,14.00,858.3,103
2026/04/12,7,12.50,17.11,7.05,8.36,13.75,746.2,132
2026/04/12,8,11.52,17.38,0.01,9.39,13.15,692.0,114
2026/04/12,9,14.66,19.41,7.05,13.41,14.23,785.1,131
2026/04/12,10,13.60,17.20,7.05,9.17,13.37,711.5,109
2026/04/12,11,13.48,17.60,7.05,14.92,13.04,734.7,137
2026/04/12,12,13.26,17.81,7.05,16.71,14.16,736.4,141
2026/04/12,13,6.00,14.60,3.00,3.00,10.80,955.3,188
2026/04/12,14,0.01,11.81,0.01,11.49,8.47,875.6,170
2026/04/12,15,0.01,11.70,0.01,9.93,8.57,807.3,178
2026/04/12,16,0.01,9.81,0.01,9.81,6.91,896.4,187
2026/04/12,17,0.22,3.02,0.01,0.02,1.25,2067.1,223
2026/04/12,18,0.01,0.70,0.01,0.11,0.10,1095.4,226
2026/04/12,19,0.01,0.21,0.01,0.01,0.05,790.0,181
2026/04/12,20,0.01,0.11,0.01,0.01,0.01,993.3,110
2026/04/12,21,0.01,0.01,0.01,0.01,0.01,1265.8,134
2026/04/12,22,0.01,0.01,0.01,0.01,0.01,1120.0,108
2026/04/12,23,0.01,0.01,0.01,0.01,0.01,1061.2,128
2026/04/12,24,0.01,0.01,0.01,0.01,0.01,1401.8,141
2026/04/12,25,0.01,0.01,0.01,0.01,0.01,1374.7,156
2026/04/12,26,0.01,0.11,0.01,0.01,0.01,1238.3,128
2026/04/12,27,0.01,0.50,0.01,0.01,0.04,1153.6,172
2026/04/12,28,0.01,1.00,0.01,0.01,0.09,839.7,160
2026/04/12,29,0.01,3.01,0.01,0.02,0.34,1222.5,242
2026/04/12,30,0.01,2.11,0.01,2.11,0.24,742.4,161
2026/04/12,31,0.01,9.95,0.01,0.03,2.77,719.4,195
2026/04/12,32,0.01,15.22,0.01,8.40,7.29,673.5,217
2026/04/12,33,0.11,21.18,0.01,18.52,7.55,627.4,260
2026/04/12,34,16.99,19.88,0.02,3.00,8.51,472.8,183
2026/04/12,35,25.25,25.25,1.00,11.37,12.07,614.4,190
2026/04/12,36,20.55,24.56,1.00,17.10,15.77,679.6,210
2026/04/12,37,22.41,25.67,0.01,14.01,15.85,731.0,214
2026/04/12,38,15.11,25.34,8.01,14.89,17.91,492.5,188
2026/04/12,39,19.96,25.18,12.89,15.82,18.00,546.3,170
2026/04/12,40,17.27,24.88,12.39,16.43,18.05,559.2,155
2026/04/12,41,18.31,24.72,7.41,16.48,17.98,531.2,157
2026/04/12,42,17.99,24.88,7.60,22.00,17.77,518.9,170
2026/04/12,43,17.52,24.50,10.31,19.61,17.47,434.1,158
2026/04/12,44,16.51,24.50,7.35,12.00,17.70,470.6,159
2026/04/12,45,16.31,24.11,10.50,18.11,16.90,426.5,147
2026/04/12,46,16.81,21.28,9.23,16.85,15.97,580.1,142
2026/04/12,47,18.73,30.01,7.92,22.00,20.03,854.4,173
2026/04/12,48,18.43,61.53,8.06,16.07,28.62,1032.6,151
2026/04/13,1,16.78,65.00,8.65,61.53,31.51,660.2,83
2026/04/13,2,17.00,66.25,8.65,9.27,23.28,613.6,93
2026/04/13,3,16.13,22.67,8.94,16.95,18.81,608.5,92
2026/04/13,4,16.99,25.86,9.20,13.07,18.58,704.0,83
2026/04/13,5,16.65,20.25,9.37,18.98,16.84,658.6,75
2026/04/13,6,17.61,20.60,9.65,14.28,17.75,711.8,72
2026/04/13,7,17.04,21.14,1.00,7.57,17.54,909.1,98
2026/04/13,8,17.55,21.28,9.74,18.18,17.59,1064.3,129
2026/04/13,9,17.21,21.31,1.00,19.23,17.58,1182.4,135
2026/04/13,10,17.46,23.38,9.37,18.10,16.80,1405.1,163
2026/04/13,11,19.51,25.86,10.27,13.20,16.90,1318.4,160
2026/04/13,12,19.10,25.86,9.23,25.70,17.44,1424.9,201
2026/04/13,13,16.11,21.76,7.36,16.00,16.80,1271.2,204
2026/04/13,14,17.32,25.86,1.00,14.00,16.45,1115.2,209
2026/04/13,15,16.06,21.45,0.41,11.54,17.09,854.9,176
2026/04/13,16,15.90,22.67,0.27,14.00,16.42,931.1,178
2026/04/13,17,14.89,27.46,0.01,10.77,16.82,1031.0,164
2026/04/13,18,14.89,45.00,0.01,13.20,18.27,1077.9,187
2026/04/13,19,15.16,50.00,0.01,6.98,18.19,1052.2,183
2026/04/13,20,2.00,50.01,0.01,14.59,19.48,1057.7,223
2026/04/13,21,0.20,50.00,0.01,0.11,22.19,1009.8,197
2026/04/13,22,0.20,61.53,0.01,0.02,18.61,1029.1,185
2026/04/13,23,0.20,50.00,0.01,0.02,17.59,1068.6,217
2026/04/13,24,0.20,50.00,0.01,11.50,15.99,1187.9,237
2026/04/13,25,0.20,18.53,0.01,15.50,10.31,1565.5,305
2026/04/13,26,0.20,30.00,0.01,15.00,9.55,1313.3,300
2026/04/13,27,0.20,30.00,0.01,20.01,11.38,975.3,245
2026/04/13,28,0.20,35.00,0.01,15.51,11.76,1484.1,317
2026/04/13,29,1.00,50.00,0.01,0.42,14.46,1513.3,322
2026/04/13,30,3.95,22.36,0.01,9.29,13.45,1368.2,297
2026/04/13,31,15.54,40.74,0.01,9.30,16.65,1002.2,276
2026/04/13,32,16.08,50.00,1.80,22.33,25.28,1102.1,314
2026/04/13,33,17.84,22.00,1.80,10.45,16.40,1200.4,294
2026/04/13,34,16.24,27.93,5.73,16.74,21.22,1015.7,226
2026/04/13,35,25.25,34.00,5.76,27.97,26.81,770.7,213
2026/04/13,36,38.00,50.00,7.95,40.10,39.27,1234.4,209
2026/04/13,37,43.00,48.10,6.84,45.10,38.80,1282.3,229
2026/04/13,38,43.00,49.10,8.04,30.01,40.05,1228.8,203
2026/04/13,39,35.33,38.93,6.84,18.42,32.06,1045.3,184
2026/04/13,40,15.60,30.11,6.84,17.66,23.80,832.6,180
2026/04/13,41,16.58,33.10,1.00,16.48,25.67,1162.7,210
2026/04/13,42,29.90,33.89,10.68,23.00,26.65,1044.8,238
2026/04/13,43,17.88,28.39,11.32,23.01,23.71,1008.5,226
2026/04/13,44,16.21,35.00,11.38,24.77,23.20,1018.1,232
2026/04/13,45,24.50,30.50,11.65,24.61,25.43,903.3,197
2026/04/13,46,21.92,26.02,11.96,22.22,23.02,742.8,186
2026/04/13,47,20.92,26.02,11.01,15.10,21.69,672.5,170
2026/04/13,48,19.11,28.07,12.00,19.62,21.57,683.1,167
2026/04/14,1,17.32,17.53,11.97,16.50,14.67,239.9,73
2026/04/14,2,17.34,17.34,12.00,16.90,14.17,195.6,66
2026/04/14,3,16.50,17.69,9.90,10.10,14.39,156.5,59
2026/04/14,4,16.71,18.44,9.79,15.80,14.29,260.1,81
2026/04/14,5,16.99,18.44,10.26,18.15,14.81,213.6,79
2026/04/14,6,17.11,18.74,7.46,18.35,15.04,255.1,90
2026/04/14,7,17.11,18.93,6.91,16.49,14.89,357.5,108
2026/04/14,8,18.11,18.95,6.81,18.85,15.36,356.8,119
2026/04/14,9,17.11,19.09,11.02,14.01,16.09,328.0,115
2026/04/14,10,16.21,21.33,6.81,14.01,17.68,570.4,147
2026/04/14,11,18.77,24.61,11.78,22.01,17.46,336.5,109
2026/04/14,12,21.90,22.40,6.91,22.40,16.37,444.5,127
2026/04/14,13,17.31,19.71,6.91,14.01,14.98,787.1,178
2026/04/14,14,16.81,20.00,0.01,14.01,14.00,707.7,172
2026/04/14,15,15.79,20.00,10.00,14.01,15.51,435.4,142
2026/04/14,16,10.87,19.83,9.05,14.75,14.36,758.5,207
2026/04/14,17,15.24,20.00,8.41,12.00,13.93,911.0,214
2026/04/14,18,14.89,20.00,8.23,12.90,15.15,554.4,155
2026/04/14,19,15.00,19.46,6.77,7.84,14.43,440.7,147
2026/04/14,20,13.60,20.00,2.80,8.50,11.83,1089.4,258
2026/04/14,21,14.00,20.50,0.49,8.39,10.00,1148.1,275
2026/04/14,22,0.01,20.00,0.01,4.99,8.05,1254.5,323
2026/04/14,23,0.01,30.00,0.01,0.34,8.22,1133.8,319
2026/04/14,24,0.08,20.00,0.01,8.84,8.09,1027.8,324
2026/04/14,25,0.01,30.00,0.01,6.99,8.89,1810.9,395
2026/04/14,26,0.01,30.00,0.01,0.31,6.93,1435.0,402
2026/04/14,27,0.50,20.00,0.01,8.96,9.75,538.3,255
2026/04/14,28,16.88,18.53,1.00,15.90,12.93,542.8,223
2026/04/14,29,16.91,18.53,2.80,14.92,14.89,520.2,218
2026/04/14,30,17.50,17.57,7.60,14.18,15.65,689.2,250
2026/04/14,31,18.36,19.47,7.43,12.59,16.66,796.6,283
2026/04/14,32,24.73,25.73,9.37,20.66,21.79,588.3,264
2026/04/14,33,19.05,25.27,10.00,16.50,18.57,688.7,243
2026/04/14,34,19.46,26.34,10.00,21.54,18.99,834.6,240
2026/04/14,35,38.99,39.99,10.99,29.56,22.99,938.8,238
2026/04/14,36,26.17,27.08,1.00,25.07,19.74,860.6,237
2026/04/14,37,26.00,30.01,6.81,20.59,21.17,972.0,265
2026/04/14,38,23.07,33.00,6.86,30.00,21.71,920.2,244
2026/04/14,39,25.90,26.07,6.86,25.00,19.74,716.3,208
2026/04/14,40,23.08,44.90,6.86,35.00,26.55,868.9,203
2026/04/14,41,24.29,30.10,6.86,25.54,22.12,795.5,222
2026/04/14,42,24.29,31.99,4.95,31.99,20.05,768.4,231
2026/04/14,43,27.50,28.01,0.01,23.85,18.65,828.8,205
2026/04/14,44,25.00,25.72,0.01,22.00,16.79,705.7,196
2026/04/14,45,25.00,25.01,9.75,22.00,17.64,574.7,188
2026/04/14,46,23.24,23.24,11.95,20.50,17.41,535.4,176
2026/04/14,47,23.58,23.68,11.42,19.90,19.07,437.6,166
2026/04/14,48,21.90,22.00,0.01,21.00,14.84,584.0,196
2026/04/15,1,18.04,19.04,11.02,17.93,17.17,223.7,66
2026/04/15,2,17.71,18.46,4.07,16.11,17.57,504.0,79
2026/04/15,3,16.82,20.70,4.22,17.59,18.11,987.5,121
2026/04/15,4,16.07,18.86,10.90,15.89,18.01,598.3,71
2026/04/15,5,16.58,19.04,10.90,10.90,16.61,204.2,68
2026/04/15,6,17.71,18.54,0.86,0.86,15.86,269.2,75
2026/04/15,7,17.48,18.63,13.74,15.00,17.75,131.2,64
2026/04/15,8,17.11,19.02,13.79,18.51,17.20,158.8,70
2026/04/15,9,18.50,19.40,8.50,15.01,17.21,307.9,83
2026/04/15,10,19.16,20.53,6.74,18.89,18.05,330.1,99
2026/04/15,11,17.29,21.77,7.34,21.46,19.39,332.1,107
2026/04/15,12,19.74,20.05,10.36,14.34,18.66,222.5,84
2026/04/15,13,19.00,19.00,6.94,17.00,18.02,631.3,143
2026/04/15,14,19.00,19.01,6.94,14.00,16.40,587.2,169
2026/04/15,15,18.98,18.99,3.88,15.57,17.91,496.9,198
2026/04/15,16,18.95,20.17,3.10,17.19,18.30,501.5,184
2026/04/15,17,24.00,25.00,4.58,19.08,22.40,323.0,161
2026/04/15,18,25.00,25.90,7.00,17.85,22.50,493.5,190
2026/04/15,19,24.00,24.92,7.11,19.51,22.29,384.3,163
2026/04/15,20,10.30,23.28,8.24,15.16,19.84,526.0,209
2026/04/15,21,20.10,23.10,6.80,9.95,16.11,432.9,167
2026/04/15,22,20.60,23.60,6.81,18.05,16.09,539.0,190
2026/04/15,23,10.57,21.23,8.00,18.01,17.35,664.6,219
2026/04/15,24,10.42,20.80,8.49,15.70,16.92,631.5,200
2026/04/15,25,9.17,20.61,6.78,16.00,16.36,765.3,226
2026/04/15,26,10.23,18.62,6.79,12.53,16.28,979.8,238
2026/04/15,27,13.65,20.84,8.51,8.51,17.89,796.7,235
2026/04/15,28,25.00,26.70,8.53,25.38,22.16,798.1,283
2026/04/15,29,18.20,25.00,8.63,14.00,21.23,695.1,249
2026/04/15,30,24.43,24.94,8.69,14.94,21.53,651.4,236
2026/04/15,31,23.12,23.22,8.59,17.03,20.99,781.1,255
2026/04/15,32,24.49,24.59,8.48,19.01,21.65,1024.5,305
2026/04/15,33,25.22,26.22,8.60,19.00,21.54,1244.0,325
2026/04/15,34,26.47,27.97,6.69,17.13,20.91,1180.6,334
2026/04/15,35,24.50,25.39,6.69,17.65,20.55,1336.8,359
2026/04/15,36,25.22,25.52,6.63,20.66,21.09,1138.6,325
2026/04/15,37,24.92,24.98,6.62,19.00,21.06,997.3,282
2026/04/15,38,22.50,25.37,6.62,24.07,20.64,992.1,294
2026/04/15,39,22.50,25.32,6.61,25.32,20.93,958.5,290
2026/04/15,40,24.33,24.33,6.56,19.01,19.01,706.2,247
2026/04/15,41,24.92,24.92,5.87,18.01,18.63,899.3,275
2026/04/15,42,24.92,25.02,4.84,20.66,19.09,1038.8,282
2026/04/15,43,18.82,23.83,5.90,18.86,20.23,796.7,257
2026/04/15,44,23.00,23.07,5.90,23.07,18.92,680.4,249
2026/04/15,45,22.00,24.00,4.84,14.15,20.17,551.7,222
2026/04/15,46,19.11,21.00,6.16,14.01,18.49,493.4,182
2026/04/15,47,19.11,21.00,9.36,19.89,18.52,441.9,173
2026/04/15,48,18.04,19.04,9.47,11.40,16.26,384.1,163
2026/04/16,1,19.05,19.05,4.00,17.37,13.31,558.6,112
2026/04/16,2,17.38,17.38,4.00,16.94,13.24,319.6,73
2026/04/16,3,17.28,17.28,4.00,17.25,13.28,230.8,71
2026/04/16,4,17.00,17.30,6.91,15.01,12.06,306.7,88
2026/04/16,5,17.00,17.44,6.91,17.34,10.93,397.5,88
2026/04/16,6,18.00,18.54,6.92,11.00,11.13,506.7,113
2026/04/16,7,18.09,18.09,6.55,17.99,11.25,364.1,97
2026/04/16,8,18.57,18.57,6.56,18.47,12.21,501.7,95
2026/04/16,9,19.87,20.07,6.56,12.45,13.24,527.3,94
2026/04/16,10,19.76,22.23,6.56,15.01,15.78,770.2,129
2026/04/16,11,20.07,20.22,6.56,15.00,14.65,828.3,123
2026/04/16,12,20.72,21.39,6.58,17.74,17.20,591.8,137
2026/04/16,13,19.75,19.93,6.80,11.00,15.20,948.4,196
2026/04/16,14,17.55,19.65,1.80,10.10,13.42,548.7,119
2026/04/16,15,16.17,19.15,0.03,7.05,12.50,470.1,146
2026/04/16,16,11.46,18.57,1.80,14.00,11.23,462.2,175
2026/04/16,17,18.34,18.34,0.01,9.01,9.59,391.1,143
2026/04/16,18,17.79,19.94,0.01,9.65,7.38,944.7,255
2026/04/16,19,16.59,16.59,0.01,6.00,5.94,984.2,220
2026/04/16,20,16.37,16.37,0.01,6.01,7.80,643.8,169
2026/04/16,21,8.40,8.50,0.01,0.02,4.48,1592.6,266
2026/04/16,22,3.10,7.85,0.01,2.95,3.32,1282.2,243
2026/04/16,23,1.10,8.00,0.01,1.00,3.30,1485.9,241
2026/04/16,24,0.20,5.00,0.01,0.01,1.87,1671.7,341
2026/04/16,25,0.01,2.46,0.01,0.01,0.75,1423.5,301
2026/04/16,26,0.01,5.00,0.01,0.01,1.15,1532.3,400
2026/04/16,27,2.10,6.00,0.01,2.00,2.94,962.0,277
2026/04/16,28,5.99,9.54,0.01,9.54,5.26,801.9,250
2026/04/16,29,6.93,8.71,0.01,5.01,5.22,882.5,240
2026/04/16,30,7.91,10.37,0.01,3.79,4.98,926.7,256
2026/04/16,31,0.01,10.10,0.01,7.04,4.93,1099.5,297
2026/04/16,32,15.44,18.53,0.01,13.85,8.04,1133.8,275
2026/04/16,33,2.00,18.18,1.99,16.50,9.08,1020.2,251
2026/04/16,34,8.55,24.71,6.60,8.64,16.39,976.4,256
2026/04/16,35,26.50,28.07,6.22,19.19,20.81,896.6,277
2026/04/16,36,29.90,30.00,5.82,18.00,20.84,946.4,265
2026/04/16,37,44.94,50.01,1.50,15.50,31.70,1420.3,267
2026/04/16,38,49.00,53.00,5.89,40.01,35.34,1832.0,301
2026/04/16,39,49.93,57.38,5.23,16.09,36.99,1855.5,304
2026/04/16,40,48.00,53.00,1.50,40.00,36.02,1893.8,303
2026/04/16,41,48.00,50.00,1.50,13.98,34.88,1771.3,270
2026/04/16,42,48.00,53.10,1.50,15.48,33.20,1887.7,295
2026/04/16,43,45.00,45.00,1.50,16.24,27.62,1575.3,274
2026/04/16,44,29.93,30.10,1.50,14.50,19.42,1259.1,227
2026/04/16,45,25.99,26.56,1.50,22.50,18.81,1330.2,244
2026/04/16,46,25.87,26.94,1.50,15.98,19.21,1203.4,255
2026/04/16,47,25.46,26.53,7.00,14.79,18.22,1277.8,244
2026/04/16,48,24.39,25.46,5.94,10.60,14.84,771.8,188
2026/04/17,1,18.48,19.09,8.46,17.26,16.71,115.4,65
2026/04/17,2,18.35,18.86,8.44,18.86,16.67,115.0,65
2026/04/17,3,20.06,20.46,8.09,19.17,19.07,144.5,62
2026/04/17,4,8.64,22.40,7.29,17.89,18.92,259.3,78
2026/04/17,5,8.84,22.00,8.07,18.00,20.40,182.4,61
2026/04/17,6,9.76,25.10,7.27,10.00,21.86,151.7,68
2026/04/17,7,19.97,25.72,9.00,21.22,18.58,447.0,110
2026/04/17,8,10.02,27.19,9.02,10.39,21.18,486.4,117
2026/04/17,9,17.22,19.92,10.12,16.73,15.04,667.3,128
2026/04/17,10,18.99,19.92,10.00,11.56,14.38,732.6,134
2026/04/17,11,24.00,24.10,8.68,10.00,16.00,621.0,139
2026/04/17,12,20.00,20.50,6.84,11.01,17.16,507.9,134
2026/04/17,13,24.11,24.62,7.84,20.01,15.33,418.8,126
2026/04/17,14,17.44,18.70,6.76,7.06,11.80,450.8,136
2026/04/17,15,16.41,16.99,7.01,7.01,10.92,343.2,137
2026/04/17,16,15.61,16.00,6.84,9.99,9.85,526.6,203
2026/04/17,17,14.60,18.78,4.00,9.99,9.94,579.3,189
2026/04/17,18,11.55,14.56,6.79,10.56,10.66,534.0,168
2026/04/17,19,11.42,16.99,2.85,16.99,9.81,597.0,181
2026/04/17,20,8.51,18.81,0.90,10.43,7.75,554.2,195
2026/04/17,21,0.01,17.39,0.01,17.00,8.07,779.6,239
2026/04/17,22,0.01,15.34,0.01,13.71,7.75,947.2,259
2026/04/17,23,0.01,16.17,0.01,11.45,7.63,819.5,254
2026/04/17,24,0.01,18.58,0.01,10.00,6.94,614.9,238
2026/04/17,25,0.01,13.00,0.01,3.51,5.33,1111.9,293
2026/04/17,26,0.01,15.84,0.01,0.01,7.02,925.9,296
2026/04/17,27,0.57,18.84,0.49,8.95,8.07,943.5,301
2026/04/17,28,10.40,18.58,0.01,10.49,10.23,834.7,273
2026/04/17,29,7.04,18.65,5.97,10.56,12.68,999.7,279
2026/04/17,30,14.61,20.00,6.77,8.16,12.26,813.4,261
2026/04/17,31,16.35,27.00,7.14,10.22,11.40,1002.5,286
2026/04/17,32,16.54,30.00,8.55,15.05,15.43,1174.3,303
2026/04/17,33,19.80,20.00,0.01,6.83,13.16,1221.9,315
2026/04/17,34,14.08,24.47,0.01,24.37,16.58,1296.3,283
2026/04/17,35,24.97,25.10,2.85,20.01,15.44,1234.3,286
2026/04/17,36,29.90,30.00,5.74,16.97,19.86,997.0,263
2026/04/17,37,26.17,27.00,5.77,19.96,20.07,721.2,222
2026/04/17,38,39.01,40.50,5.80,16.10,27.98,958.6,223
2026/04/17,39,29.90,30.00,0.10,16.36,22.30,505.2,174
2026/04/17,40,29.90,31.04,5.79,15.03,22.11,440.3,178
2026/04/17,41,25.32,25.32,5.83,18.94,18.47,473.5,170
2026/04/17,42,14.61,24.62,5.16,14.46,19.70,693.5,211
2026/04/17,43,24.62,24.62,5.83,14.46,18.67,445.1,168
2026/04/17,44,22.25,22.25,5.82,11.90,16.43,390.6,175
2026/04/17,45,45.00,45.97,5.82,20.00,28.66,896.5,202
2026/04/17,46,26.85,26.90,0.10,9.76,17.20,545.1,169
2026/04/17,47,26.79,26.84,0.01,20.00,19.10,451.1,165
2026/04/17,48,24.27,24.37,0.10,20.00,16.72,325.6,149
2026/04/18,1,23.00,23.10,8.87,8.94,16.38,549.5,105
2026/04/18,2,23.00,26.15,8.44,23.05,20.37,750.0,95
2026/04/18,3,23.00,25.10,8.40,22.00,20.03,721.1,79
2026/04/18,4,23.00,23.00,8.71,22.00,14.39,332.4,70
2026/04/18,5,23.27,23.74,6.92,20.40,14.90,476.9,87
2026/04/18,6,24.00,24.36,9.23,23.63,16.39,606.4,89
2026/04/18,7,24.00,35.00,9.04,9.04,22.09,1210.3,144
2026/04/18,8,23.56,26.69,8.44,10.41,17.44,697.5,126
2026/04/18,9,24.14,35.00,8.62,18.50,23.70,1336.9,176
2026/04/18,10,24.14,35.00,8.61,18.50,23.27,1136.0,175
2026/04/18,11,24.56,30.00,10.54,26.08,22.15,613.5,134
2026/04/18,12,23.42,23.99,9.53,9.99,17.89,467.9,127
2026/04/18,13,18.38,18.87,8.63,12.50,13.91,457.4,131
2026/04/18,14,15.88,26.00,6.83,12.01,14.76,315.2,112
2026/04/18,15,14.81,17.00,6.68,8.01,12.53,496.0,151
2026/04/18,16,12.97,18.13,6.92,9.99,11.12,527.1,134
2026/04/18,17,8.57,16.55,7.00,7.00,10.45,625.6,167
2026/04/18,18,8.51,12.00,5.00,5.00,9.73,1070.4,189
2026/04/18,19,8.30,10.50,0.02,0.02,9.53,1249.9,215
2026/04/18,20,3.50,10.00,3.00,7.04,8.26,1135.8,191
2026/04/18,21,5.00,14.75,4.01,4.01,8.55,409.6,163
2026/04/18,22,12.86,13.03,0.01,2.00,7.97,676.2,207
2026/04/18,23,12.86,13.03,0.01,3.99,8.19,696.1,221
2026/04/18,24,12.86,13.03,3.00,3.99,8.34,673.4,218
2026/04/18,25,14.24,14.41,0.01,3.89,6.38,525.9,208
2026/04/18,26,7.39,13.03,0.01,10.96,5.54,565.6,208
2026/04/18,27,3.31,10.39,0.01,1.99,6.57,1473.0,303
2026/04/18,28,7.58,14.68,0.99,4.00,7.50,823.1,229
2026/04/18,29,7.90,16.77,5.93,12.89,9.44,924.2,256
2026/04/18,30,12.86,15.20,6.00,8.96,9.74,527.0,209
2026/04/18,31,14.65,17.19,6.74,10.00,11.48,647.4,240
2026/04/18,32,10.00,17.11,7.00,12.99,12.71,1125.7,305
2026/04/18,33,15.88,17.95,7.06,9.00,11.80,632.7,233
2026/04/18,34,20.93,21.11,6.62,6.62,11.81,559.7,219
2026/04/18,35,22.93,25.00,8.10,9.99,13.73,774.4,215
2026/04/18,36,22.98,23.15,8.03,9.22,11.44,940.0,186
2026/04/18,37,29.34,30.27,8.03,9.99,15.98,1126.2,231
2026/04/18,38,34.83,35.83,8.61,18.62,17.13,1734.3,277
2026/04/18,39,24.00,25.07,8.62,19.01,20.51,554.0,151
2026/04/18,40,23.70,25.77,8.23,16.65,13.33,969.3,193
2026/04/18,41,24.93,25.00,8.57,10.62,12.74,1124.4,199
2026/04/18,42,23.42,23.59,8.58,15.01,16.96,364.4,135
2026/04/18,43,23.42,23.59,8.44,16.60,12.07,1181.8,220
2026/04/18,44,23.27,23.44,8.45,19.00,12.31,1264.1,212
2026/04/18,45,23.70,25.77,8.44,20.00,13.26,1250.2,225
2026/04/18,46,18.30,19.88,8.44,14.00,14.11,334.6,103
2026/04/18,47,18.30,22.00,8.44,16.64,16.72,332.3,123
2026/04/18,48,18.93,19.10,8.44,16.60,15.46,287.7,119
2026/04/19,1,20.00,20.00,8.44,10.01,11.78,102.9,34
2026/04/19,2,20.00,20.00,8.51,16.20,11.71,148.3,37
2026/04/19,3,8.00,15.97,8.00,8.10,11.81,166.2,44
2026/04/19,4,15.88,15.88,8.40,15.67,12.68,192.6,43
2026/04/19,5,15.85,16.00,8.61,15.68,12.73,136.4,31
2026/04/19,6,15.93,16.55,8.84,16.45,12.60,119.2,31
2026/04/19,7,20.00,20.00,8.65,19.13,15.52,190.8,57
2026/04/19,8,20.00,20.00,8.20,16.32,12.18,203.1,47
2026/04/19,9,15.59,23.00,8.54,17.48,17.35,426.4,95
2026/04/19,10,20.00,25.30,8.51,19.00,16.49,366.1,89
2026/04/19,11,20.00,23.00,8.24,10.01,15.58,299.0,70
2026/04/19,12,15.71,18.29,8.54,11.32,12.55,183.8,73
2026/04/19,13,20.00,20.00,8.00,12.38,11.65,115.9,70
2026/04/19,14,8.02,16.57,7.51,10.41,9.69,143.2,69
2026/04/19,15,15.20,15.20,3.11,8.16,8.02,290.6,105
2026/04/19,16,20.00,20.00,0.01,4.99,6.09,443.0,137
2026/04/19,17,0.01,14.15,0.01,2.45,3.96,1080.6,200
2026/04/19,18,0.01,3.93,0.01,0.10,1.19,1757.2,220
2026/04/19,19,1.00,2.74,0.01,0.02,0.95,2004.8,242
2026/04/19,20,0.01,3.01,0.01,0.11,0.64,2409.0,260
2026/04/19,21,20.00,20.00,0.01,0.01,0.71,2118.1,328
2026/04/19,22,0.01,2.35,0.01,1.00,0.52,2436.7,335
2026/04/19,23,0.01,2.35,0.01,0.01,0.51,2350.1,349
2026/04/19,24,0.01,2.50,0.01,0.01,0.57,2436.0,348
2026/04/19,25,0.01,2.50,0.01,0.01,0.67,2208.1,325
2026/04/19,26,0.01,3.02,0.01,0.01,0.81,2203.7,287
2026/04/19,27,0.01,3.15,0.01,1.00,1.15,1645.6,219
2026/04/19,28,0.01,4.00,0.01,0.32,1.76,1563.3,271
2026/04/19,29,20.00,20.00,0.01,5.00,3.19,1106.1,224
2026/04/19,30,0.01,20.00,0.01,7.53,2.59,1081.9,222
2026/04/19,31,0.01,20.00,0.01,6.16,3.56,1094.1,245
2026/04/19,32,0.01,20.00,0.01,0.32,6.62,763.9,190
2026/04/19,33,20.00,20.00,5.10,12.45,9.48,301.0,178
2026/04/19,34,20.00,20.00,8.26,8.84,10.26,408.3,149
2026/04/19,35,20.00,20.00,7.06,7.06,13.13,370.4,142
2026/04/19,36,24.00,27.62,7.94,10.01,18.79,419.1,134
2026/04/19,37,15.73,35.30,8.74,20.00,23.65,806.0,163
2026/04/19,38,20.00,50.00,8.42,11.01,26.73,1851.8,210
2026/04/19,39,23.45,26.98,8.44,13.40,13.38,1048.9,183
2026/04/19,40,37.50,41.90,7.05,16.30,22.32,1769.2,211
2026/04/19,41,20.00,50.00,8.41,20.00,32.12,1745.2,196
2026/04/19,42,40.30,44.90,8.43,22.66,31.86,1325.1,195
2026/04/19,43,33.99,37.83,8.45,10.01,22.62,750.2,147
2026/04/19,44,24.10,25.01,6.92,16.91,19.54,662.6,169
2026/04/19,45,24.02,24.02,6.89,18.00,13.12,814.9,174
2026/04/19,46,20.24,20.74,6.89,18.54,16.57,435.9,150
2026/04/19,47,20.28,20.78,6.89,15.60,17.08,446.0,134
2026/04/19,48,17.98,18.48,6.89,7.14,14.20,283.0,110
2026/04/20,1,15.31,16.51,6.93,16.21,12.92,101.5,38
2026/04/20,2,15.89,15.90,6.91,15.79,13.49,112.6,50
2026/04/20,3,16.00,16.01,6.91,15.90,13.09,135.6,50
2026/04/20,4,16.08,16.58,6.81,15.98,14.05,99.1,39
2026/04/20,5,16.09,16.59,7.73,10.01,13.97,120.5,44
2026/04/20,6,16.23,16.73,7.99,10.01,14.19,50.9,31
2026/04/20,7,16.45,16.95,6.66,15.70,14.67,73.9,42
2026/04/20,8,16.92,17.42,6.71,11.92,15.19,68.5,44
2026/04/20,9,18.45,18.75,8.09,10.01,16.65,106.8,60
2026/04/20,10,19.51,19.81,7.90,10.01,17.11,127.0,62
2026/04/20,11,20.00,21.00,8.10,19.90,18.04,202.3,74
2026/04/20,12,17.55,18.16,8.11,11.04,16.67,175.4,69
2026/04/20,13,17.40,17.90,6.80,10.01,15.62,178.1,78
2026/04/20,14,9.32,19.41,6.93,9.19,13.47,202.9,91
2026/04/20,15,7.90,19.22,6.82,7.41,13.84,204.0,90
2026/04/20,16,8.06,19.18,7.17,7.62,13.11,286.6,101
2026/04/20,17,15.39,16.27,0.25,7.67,11.17,439.7,131
2026/04/20,18,6.90,15.40,2.01,7.46,11.20,462.1,138
2026/04/20,19,5.61,15.39,2.71,8.39,10.81,266.5,113
2026/04/20,20,5.73,14.94,0.12,0.12,9.15,386.5,133
2026/04/20,21,1.80,17.17,0.12,9.50,9.72,767.8,181
2026/04/20,22,11.33,18.71,0.12,0.12,9.39,879.4,198
2026/04/20,23,0.20,15.62,0.01,0.01,9.04,1076.1,227
2026/04/20,24,0.20,15.33,0.01,0.01,8.22,1164.3,254
2026/04/20,25,0.20,14.24,0.01,6.73,6.41,1061.8,245
2026/04/20,26,0.20,14.62,0.01,10.06,6.13,904.4,212
2026/04/20,27,0.10,14.54,0.01,0.07,8.95,891.6,210
2026/04/20,28,0.10,15.63,0.01,13.13,10.81,778.0,208
2026/04/20,29,14.99,15.50,1.00,6.36,12.01,390.5,177
2026/04/20,30,7.04,16.90,3.69,5.54,12.94,680.5,199
2026/04/20,31,17.39,19.89,5.91,7.80,12.46,584.5,193
2026/04/20,32,20.00,22.50,0.01,0.01,14.13,842.3,233
2026/04/20,33,17.28,22.40,7.61,8.91,13.98,819.5,248
2026/04/20,34,24.05,25.05,8.74,10.91,17.00,958.4,230
2026/04/20,35,29.90,30.10,8.99,10.01,17.88,1284.8,258
2026/04/20,36,19.60,41.50,2.50,18.15,22.82,1968.9,286
2026/04/20,37,43.50,46.50,8.16,10.01,24.06,2026.0,299
2026/04/20,38,48.90,50.00,8.93,50.00,24.89,2001.6,278
2026/04/20,39,14.21,42.60,9.24,14.63,21.80,1917.2,255
2026/04/20,40,26.07,39.99,9.13,13.79,21.24,1582.7,243
2026/04/20,41,30.00,33.40,8.45,26.96,15.86,1289.8,218
2026/04/20,42,25.81,28.71,8.10,26.42,13.91,1149.3,225
2026/04/20,43,24.11,28.11,8.10,25.01,14.73,1291.1,242
2026/04/20,44,24.21,25.07,7.28,17.03,13.82,1192.0,196
2026/04/20,45,23.05,26.15,7.25,11.42,14.41,1083.7,195
2026/04/20,46,19.48,22.57,6.93,19.58,11.24,935.0,180
2026/04/20,47,14.51,21.52,7.05,12.00,11.23,966.4,182
2026/04/20,48,13.86,20.35,7.05,12.01,15.01,199.3,93
2026/04/21,1,16.80,17.01,7.05,14.54,13.55,244.0,77
2026/04/21,2,16.59,17.19,6.62,15.80,13.83,241.6,82
2026/04/21,3,16.39,20.47,6.59,16.23,14.62,230.2,76
2026/04/21,4,13.22,21.18,6.54,15.95,13.57,214.2,69
2026/04/21,5,20.00,24.59,5.80,14.74,16.19,294.4,63
2026/04/21,6,16.10,45.00,5.79,15.41,16.13,581.1,103
2026/04/21,7,20.02,24.62,8.00,8.68,19.12,431.3,82
2026/04/21,8,20.00,30.00,8.74,16.34,19.11,543.1,93
2026/04/21,9,20.17,35.00,8.73,8.74,20.05,538.0,103
2026/04/21,10,20.17,35.00,8.10,17.89,19.84,727.9,113
2026/04/21,11,9.91,32.71,6.00,16.12,17.01,771.2,146
2026/04/21,12,9.62,31.19,6.00,8.72,17.00,596.9,137
2026/04/21,13,15.75,32.01,5.81,18.20,13.47,1093.1,195
2026/04/21,14,16.58,30.42,2.00,10.01,18.02,509.6,137
2026/04/21,15,8.51,24.51,5.77,7.03,14.17,651.1,162
2026/04/21,16,8.15,20.89,7.25,7.26,16.19,696.0,179
2026/04/21,17,18.09,20.24,6.12,11.01,14.13,604.3,158
2026/04/21,18,0.01,24.51,0.01,14.01,14.82,692.4,194
2026/04/21,19,17.89,18.39,0.01,6.01,10.92,544.4,169
2026/04/21,20,0.01,18.00,0.01,9.46,11.84,449.7,201
2026/04/21,21,0.01,17.50,0.01,8.51,11.41,583.9,192
2026/04/21,22,0.01,15.50,0.01,0.03,7.23,572.8,203
2026/04/21,23,0.11,15.00,0.01,0.03,5.38,791.8,227
2026/04/21,24,0.08,15.73,0.01,8.53,5.60,842.7,239
2026/04/21,25,0.08,12.36,0.01,2.01,3.50,717.1,213
2026/04/21,26,0.12,5.01,0.01,0.20,1.35,1746.6,321
2026/04/21,27,0.20,10.00,0.01,0.86,4.80,1928.9,326
2026/04/21,28,0.08,10.00,0.01,1.01,4.45,1808.3,359
2026/04/21,29,0.20,10.00,0.01,7.01,4.41,1452.5,294
2026/04/21,30,0.08,15.85,0.01,12.01,5.00,1473.6,342
2026/04/21,31,0.08,16.80,0.01,15.01,6.42,1225.7,309
2026/04/21,32,0.11,18.78,0.01,16.42,9.83,1151.5,295
2026/04/21,33,3.95,23.00,2.95,7.91,10.46,1026.2,297
2026/04/21,34,11.06,28.64,5.79,8.01,15.27,641.4,240
2026/04/21,35,11.86,40.00,8.00,11.70,24.30,1291.1,256
2026/04/21,36,12.50,51.00,4.00,14.32,35.15,1749.8,259
2026/04/21,37,15.01,27.01,9.24,12.90,15.08,1103.2,263
2026/04/21,38,16.11,26.94,7.35,16.00,16.60,1076.3,272
2026/04/21,39,15.95,22.93,2.00,14.39,15.63,770.9,220
2026/04/21,40,18.10,21.12,2.00,13.26,15.04,524.7,214
2026/04/21,41,33.84,35.30,7.33,16.08,25.15,960.6,242
2026/04/21,42,33.84,35.30,7.28,20.74,25.24,816.0,207
2026/04/21,43,14.20,28.50,7.32,14.16,20.72,583.1,207
2026/04/21,44,14.26,27.72,7.26,11.17,18.71,558.5,212
2026/04/21,45,25.81,28.31,5.90,9.81,19.19,562.2,219
2026/04/21,46,10.00,28.82,5.86,27.72,20.07,698.2,205
2026/04/21,47,10.00,27.72,8.43,27.72,18.11,619.2,217
2026/04/21,48,10.00,25.20,6.93,25.20,15.09,601.4,210
2026/04/22,1,16.26,16.43,8.65,12.10,12.84,376.6,88
2026/04/22,2,15.55,16.55,9.22,9.42,14.96,138.8,60
2026/04/22,3,16.27,17.16,8.64,8.64,12.77,188.7,71
2026/04/22,4,16.01,17.00,9.25,9.67,12.57,223.9,76
2026/04/22,5,16.41,17.00,9.14,10.00,12.31,274.5,83
2026/04/22,6,16.19,16.90,6.93,10.01,13.19,372.6,103
2026/04/22,7,16.71,18.88,8.95,18.50,14.06,402.5,96
2026/04/22,8,20.00,20.11,9.51,12.40,14.59,535.6,102
2026/04/22,9,20.08,26.11,8.48,12.01,20.23,1079.2,127
2026/04/22,10,22.00,27.00,8.46,15.29,24.65,1210.0,102
2026/04/22,11,26.71,28.11,10.00,10.00,22.22,806.8,143
2026/04/22,12,23.77,24.27,8.30,23.88,19.72,493.4,125
2026/04/22,13,17.37,19.03,7.72,14.41,14.64,597.3,152
2026/04/22,14,7.90,16.59,4.90,10.01,11.37,471.7,146
2026/04/22,15,1.11,15.83,0.91,9.14,8.75,494.8,161
2026/04/22,16,0.11,12.11,0.01,9.04,8.30,750.6,191
2026/04/22,17,0.20,13.98,0.01,6.01,8.18,735.1,217
2026/04/22,18,0.20,14.00,0.01,6.01,8.00,849.0,228
2026/04/22,19,0.20,13.21,0.01,10.00,9.10,652.6,212
2026/04/22,20,0.20,15.20,0.01,7.44,7.22,595.6,205
2026/04/22,21,0.20,13.00,0.01,8.65,7.51,1576.9,290
2026/04/22,22,0.20,13.61,0.01,8.01,7.65,1448.5,311
2026/04/22,23,0.20,13.71,0.01,10.51,7.99,1151.2,263
2026/04/22,24,0.20,13.00,0.01,13.00,8.30,1001.5,270
2026/04/22,25,0.20,13.01,0.01,10.00,7.49,1067.2,280
2026/04/22,26,0.20,13.98,0.01,13.01,8.27,1020.7,264
2026/04/22,27,0.20,18.79,0.01,13.73,11.56,680.5,208
2026/04/22,28,0.20,19.94,0.01,14.78,11.20,826.5,294
2026/04/22,29,0.20,18.84,0.01,13.01,12.74,822.5,269
2026/04/22,30,16.75,21.86,2.93,14.87,15.09,587.5,226
2026/04/22,31,22.80,28.20,6.80,21.21,20.29,758.6,239
2026/04/22,32,12.00,45.00,7.03,28.06,28.29,1346.0,270
2026/04/22,33,29.90,45.00,8.01,25.56,31.13,1203.4,263
2026/04/22,34,33.38,45.00,8.85,16.32,36.23,1676.7,260
2026/04/22,35,37.54,45.09,8.40,17.97,31.28,2097.6,276
2026/04/22,36,38.55,45.00,11.11,30.00,35.16,2150.4,290
2026/04/22,37,20.01,45.01,8.72,32.00,35.11,2306.0,278
2026/04/22,38,28.12,33.22,8.62,25.40,24.18,1368.6,241
2026/04/22,39,30.38,45.00,8.65,23.08,32.79,1337.2,205
2026/04/22,40,40.00,45.10,8.54,45.10,37.04,1546.8,200
2026/04/22,41,39.00,45.00,8.53,25.42,35.89,1521.5,216
2026/04/22,42,29.00,45.00,12.26,20.00,28.87,1122.1,185
2026/04/22,43,27.13,40.00,7.42,32.44,27.19,1286.6,205
2026/04/22,44,27.13,33.76,10.99,16.67,22.93,1315.4,214
2026/04/22,45,26.67,29.28,11.41,16.61,21.27,1184.8,200
2026/04/22,46,23.95,24.45,9.30,13.88,15.62,1127.9,215
2026/04/22,47,26.59,27.09,9.62,27.09,15.86,1136.6,214
2026/04/22,48,22.65,25.05,8.22,20.56,11.60,1217.4,203
2026/04/23,1,15.59,17.82,7.05,7.05,15.31,303.8,81
2026/04/23,2,16.00,18.72,8.00,14.39,14.50,498.9,99
2026/04/23,3,16.00,18.43,7.55,8.61,15.85,449.7,79
2026/04/23,4,15.69,18.36,7.05,14.80,13.48,631.0,103
2026/04/23,5,16.00,18.44,8.40,15.24,14.00,543.2,78
2026/04/23,6,16.00,16.36,8.40,15.47,14.37,486.9,78
2026/04/23,7,16.00,18.49,8.38,14.40,15.53,418.2,97
2026/04/23,8,16.00,16.56,8.40,15.67,14.84,655.0,117
2026/04/23,9,18.65,18.65,8.45,15.66,15.30,576.8,102
2026/04/23,10,18.71,18.71,8.48,15.82,15.81,494.4,90
2026/04/23,11,16.24,18.74,8.39,10.80,14.81,331.8,78
2026/04/23,12,18.65,18.65,9.27,10.03,14.87,381.0,91
2026/04/23,13,15.43,19.93,9.00,15.44,13.60,647.3,138
2026/04/23,14,15.26,18.26,8.09,8.50,13.26,463.6,112
2026/04/23,15,16.00,17.74,8.01,8.01,15.05,310.6,117
2026/04/23,16,16.00,17.49,7.78,8.68,14.02,547.3,149
2026/04/23,17,16.18,16.44,6.81,12.12,15.29,559.4,170
2026/04/23,18,7.29,24.47,6.80,9.88,19.04,707.0,203
2026/04/23,19,23.75,29.00,0.01,24.01,22.60,1189.5,235
2026/04/23,20,8.00,26.21,0.01,26.01,20.52,909.6,250
2026/04/23,21,8.00,29.06,0.01,18.08,21.49,1501.0,282
2026/04/23,22,8.00,29.14,0.01,17.21,20.38,1138.0,266
2026/04/23,23,5.00,29.67,0.01,24.16,20.23,1222.8,285
2026/04/23,24,7.96,30.00,0.01,17.93,20.87,1072.4,274
2026/04/23,25,4.00,24.99,0.01,4.99,17.47,826.0,221
2026/04/23,26,8.00,26.04,0.01,5.06,17.56,778.7,227
2026/04/23,27,10.12,27.49,7.12,21.01,21.74,861.5,269
2026/04/23,28,24.21,29.01,6.84,21.27,21.71,803.5,226
2026/04/23,29,11.78,35.00,6.91,11.70,23.80,815.8,262
2026/04/23,30,26.14,35.00,8.13,21.07,23.87,851.9,275
2026/04/23,31,26.73,30.42,7.32,21.59,24.37,662.8,253
2026/04/23,32,45.00,59.90,7.37,50.02,42.13,1403.9,263
2026/04/23,33,23.22,45.10,9.00,25.52,34.39,1022.1,264
2026/04/23,34,25.76,50.40,9.00,14.17,33.53,1625.0,330
2026/04/23,35,26.92,27.17,9.00,15.00,22.63,1311.0,306
2026/04/23,36,27.36,27.36,9.00,23.92,22.28,1266.0,319
2026/04/23,37,26.04,26.14,9.00,23.18,23.13,1216.2,303
2026/04/23,38,25.41,29.31,9.00,25.50,22.03,1285.8,351
2026/04/23,39,25.89,27.34,9.00,18.00,20.47,1321.5,286
2026/04/23,40,24.60,24.85,9.00,24.45,18.03,1098.0,248
2026/04/23,41,24.01,26.77,11.45,16.36,20.56,1603.2,228
2026/04/23,42,17.65,21.35,10.00,17.50,18.13,720.1,179
2026/04/23,43,16.82,21.59,10.00,14.22,18.07,759.9,214
2026/04/23,44,15.84,20.30,8.58,20.30,16.93,429.6,141
2026/04/23,45,16.83,80.00,8.58,15.00,19.45,644.1,180
2026/04/23,46,16.08,80.00,8.38,15.12,17.74,491.5,158
2026/04/23,47,16.42,20.55,8.36,14.17,17.34,527.8,154
2026/04/23,48,15.60,19.08,6.93,13.47,16.17,583.3,170
2026/04/24,1,16.88,18.82,2.00,8.63,15.86,324.8,110
2026/04/24,2,16.22,19.31,9.30,10.01,15.85,378.1,101
2026/04/24,3,16.06,18.85,8.03,10.00,16.24,321.7,85
2026/04/24,4,16.47,19.07,8.00,9.53,16.38,328.9,94
2026/04/24,5,16.05,19.25,2.00,8.77,16.15,542.8,108
2026/04/24,6,16.64,20.02,2.00,9.34,17.37,524.1,83
2026/04/24,7,16.74,21.74,2.00,14.74,14.27,699.1,119
2026/04/24,8,17.06,25.03,7.32,15.10,15.08,1102.5,165
2026/04/24,9,17.09,30.00,7.05,7.05,15.59,1192.7,171
2026/04/24,10,18.24,21.34,7.37,10.01,15.18,1152.6,195
2026/04/24,11,23.75,26.00,7.31,24.10,14.68,922.9,177
2026/04/24,12,22.95,25.20,2.00,7.06,14.89,861.8,180
2026/04/24,13,19.00,22.80,2.00,10.01,13.26,1086.1,226
2026/04/24,14,16.25,24.07,8.60,14.35,15.77,889.4,190
2026/04/24,15,15.53,23.37,8.65,10.81,16.75,715.0,199
2026/04/24,16,8.03,19.48,7.61,18.96,13.98,818.9,200
2026/04/24,17,17.43,23.80,2.92,8.01,13.84,988.1,251
2026/04/24,18,15.43,19.54,7.89,15.45,16.22,721.3,147
2026/04/24,19,7.00,22.49,5.41,16.51,16.78,1010.0,194
2026/04/24,20,5.00,20.07,0.90,16.89,14.10,831.6,169
2026/04/24,21,0.08,30.00,0.01,18.50,11.98,711.3,175
2026/04/24,22,0.08,21.28,0.01,0.01,11.60,915.0,203
2026/04/24,23,0.08,22.79,0.01,20.00,9.83,834.2,228
2026/04/24,24,0.20,20.00,0.01,0.11,10.49,881.9,231
2026/04/24,25,0.08,20.01,0.01,5.00,7.96,1203.6,317
2026/04/24,26,0.08,20.84,0.01,12.00,7.43,1213.5,334
2026/04/24,27,0.08,23.49,0.01,19.60,10.55,983.2,327
2026/04/24,28,0.08,19.73,0.01,2.60,10.95,673.2,227
2026/04/24,29,0.08,29.33,0.01,12.01,13.12,646.9,204
2026/04/24,30,6.83,20.00,0.26,15.01,13.93,974.7,255
2026/04/24,31,15.43,20.33,6.77,8.49,15.27,845.9,236
2026/04/24,32,8.00,23.78,6.91,14.74,15.23,662.4,228
2026/04/24,33,10.54,25.75,8.00,8.50,17.36,787.6,232
2026/04/24,34,26.10,27.10,10.64,13.41,19.61,757.8,236
2026/04/24,35,29.90,29.90,10.92,11.46,19.56,780.2,248
2026/04/24,36,36.00,41.00,7.33,24.42,21.99,1268.5,229
2026/04/24,37,25.00,30.22,5.87,28.00,21.54,988.7,232
2026/04/24,38,25.00,25.13,9.06,24.23,21.80,1773.4,309
2026/04/24,39,24.00,24.00,8.86,23.80,18.42,828.1,216
2026/04/24,40,21.00,22.72,8.08,12.84,17.62,1224.0,245
2026/04/24,41,23.52,26.50,8.10,22.92,19.32,819.1,194
2026/04/24,42,29.00,30.00,8.53,12.91,20.41,1241.7,227
2026/04/24,43,24.10,25.94,8.45,8.81,20.25,1186.2,235
2026/04/24,44,23.52,25.50,8.00,14.46,21.28,1486.0,283
2026/04/24,45,21.79,23.78,8.44,14.41,20.61,1413.2,274
2026/04/24,46,19.35,25.00,8.62,19.46,19.79,1684.6,295
2026/04/24,47,23.31,24.21,10.05,22.75,19.05,1032.9,234
2026/04/24,48,17.13,25.22,8.29,13.91,16.60,1298.5,262
2026/04/25,1,14.30,30.50,8.96,21.18,15.50,863.1,129
2026/04/25,2,10.29,25.19,8.13,21.09,14.92,448.3,104
2026/04/25,3,8.84,27.00,7.05,9.76,16.04,400.8,89
2026/04/25,4,8.65,27.00,7.05,19.90,15.78,422.6,94
2026/04/25,5,21.19,26.00,7.05,20.52,14.75,430.4,111
2026/04/25,6,19.60,22.86,7.05,16.01,13.30,375.6,108
2026/04/25,7,8.96,21.85,7.96,16.76,13.01,371.1,100
2026/04/25,8,9.00,25.09,8.00,16.01,15.28,478.1,117
2026/04/25,9,21.33,22.73,8.03,22.24,14.29,420.8,111
2026/04/25,10,20.00,21.50,8.03,10.01,14.66,395.3,112
2026/04/25,11,21.46,25.33,7.96,22.37,14.86,469.1,139
2026/04/25,12,17.01,22.00,7.92,10.01,13.26,444.6,128
2026/04/25,13,15.22,19.90,7.96,10.61,11.46,507.2,130
2026/04/25,14,10.23,13.84,7.60,8.50,10.02,544.5,137
2026/04/25,15,5.07,11.51,4.60,8.26,8.10,646.7,186
2026/04/25,16,6.00,14.00,2.50,7.06,5.73,1008.7,249
2026/04/25,17,1.50,14.22,0.01,0.01,2.72,1253.7,280
2026/04/25,18,0.05,14.14,0.01,5.00,2.35,1674.8,322
2026/04/25,19,0.11,14.12,0.01,1.98,1.89,1846.6,354
2026/04/25,20,0.11,15.12,0.01,0.11,1.76,2096.5,371
2026/04/25,21,0.11,11.00,0.01,0.01,1.94,2079.8,334
2026/04/25,22,0.11,10.00,0.01,0.01,1.26,2159.1,361
2026/04/25,23,0.11,10.00,0.01,0.01,1.32,2460.7,340
2026/04/25,24,0.11,11.00,0.01,0.01,0.88,2336.5,357
2026/04/25,25,0.01,10.50,0.01,0.11,0.85,2278.0,306
2026/04/25,26,0.11,10.00,0.01,0.11,0.92,2253.4,314
2026/04/25,27,0.11,10.46,0.01,0.11,2.57,1990.5,304
2026/04/25,28,0.11,14.19,0.01,0.11,1.51,1714.4,276
2026/04/25,29,0.11,14.12,0.01,0.01,1.64,1666.6,312
2026/04/25,30,0.11,15.34,0.01,15.34,1.75,1821.6,344
2026/04/25,31,0.01,18.00,0.01,0.03,2.60,1755.7,387
2026/04/25,32,1.10,14.52,0.50,0.79,3.10,1502.1,301
2026/04/25,33,0.20,17.42,0.01,4.99,2.70,2320.4,424
2026/04/25,34,8.25,10.02,5.50,9.44,7.78,710.9,233
2026/04/25,35,12.88,14.90,8.00,11.28,9.99,701.2,191
2026/04/25,36,13.11,16.93,7.38,10.01,10.77,1131.8,243
2026/04/25,37,13.60,18.72,8.03,10.44,12.00,724.8,192
2026/04/25,38,11.75,17.96,8.00,17.66,11.08,1268.1,204
2026/04/25,39,11.27,21.76,7.94,17.57,11.04,1291.1,222
2026/04/25,40,13.60,20.86,8.27,17.41,10.89,1224.8,207
2026/04/25,41,15.94,18.42,8.82,16.85,11.24,1186.7,216
2026/04/25,42,15.34,19.55,8.03,16.25,11.98,747.1,179
2026/04/25,43,15.50,19.00,7.84,16.41,13.10,589.8,166
2026/04/25,44,15.00,26.00,8.41,13.58,12.88,797.3,196
2026/04/25,45,44.93,44.93,7.54,16.60,19.97,1377.2,215
2026/04/25,46,27.10,33.00,7.97,14.09,14.79,899.4,198
2026/04/25,47,27.10,29.50,7.97,13.25,13.38,873.8,186
2026/04/25,48,22.50,23.19,7.40,13.22,13.24,748.5,156
2026/04/26,1,14.00,15.64,8.61,10.37,14.03,86.3,46
2026/04/26,2,15.00,15.29,8.19,12.91,11.74,112.9,32
2026/04/26,3,15.00,15.79,8.01,8.75,11.80,138.3,44
2026/04/26,4,15.00,16.09,8.61,9.11,14.15,111.0,46
2026/04/26,5,16.69,18.70,8.62,16.79,13.19,129.4,44
2026/04/26,6,17.60,18.70,8.61,13.51,14.42,134.5,43
2026/04/26,7,21.00,21.99,8.65,19.10,19.23,95.5,41
2026/04/26,8,22.24,22.69,8.93,15.65,12.43,526.8,80
2026/04/26,9,22.38,23.25,9.00,14.29,13.62,431.2,80
2026/04/26,10,22.24,22.24,9.00,13.01,13.37,400.7,77
2026/04/26,11,16.94,20.04,8.95,16.84,12.25,344.9,66
2026/04/26,12,15.25,15.80,7.06,7.06,13.83,182.0,61
2026/04/26,13,14.47,14.47,6.92,10.01,10.20,157.1,70
2026/04/26,14,2.01,11.30,0.91,8.00,8.28,334.0,97
2026/04/26,15,0.01,13.85,0.01,7.49,5.78,255.1,120
2026/04/26,16,0.01,15.67,0.01,4.99,4.66,539.2,160
2026/04/26,17,0.01,14.57,0.01,5.90,4.74,354.6,99
2026/04/26,18,0.01,6.85,0.01,1.00,3.70,1502.7,235
2026/04/26,19,0.01,7.10,0.01,1.98,2.82,2390.7,311
2026/04/26,20,0.01,6.48,0.01,1.31,2.41,2170.1,302
2026/04/26,21,0.01,3.15,0.01,0.99,1.64,1497.2,217
2026/04/26,22,0.01,5.00,0.01,5.00,1.68,1709.6,224
2026/04/26,23,0.01,5.50,0.01,0.42,2.05,1918.5,246
2026/04/26,24,0.01,5.83,0.01,5.83,2.28,1584.7,229
2026/04/26,25,0.01,6.25,0.01,0.51,2.78,1536.8,258
2026/04/26,26,0.01,7.50,0.01,1.26,3.77,1496.7,250
2026/04/26,27,0.01,8.89,0.01,4.28,4.21,531.4,183
2026/04/26,28,0.01,10.06,0.01,9.65,7.44,616.1,157
2026/04/26,29,0.01,7.90,0.01,1.46,3.49,965.1,206
2026/04/26,30,0.20,9.72,0.01,3.46,6.14,1329.1,250
2026/04/26,31,0.20,13.00,0.01,6.49,7.03,1595.9,264
2026/04/26,32,0.20,16.77,0.01,4.23,9.65,963.9,208
2026/04/26,33,10.67,28.99,3.00,4.06,11.83,1001.8,200
2026/04/26,34,11.09,27.00,6.27,6.28,14.79,831.0,180
2026/04/26,35,19.50,40.00,7.44,10.01,17.47,756.7,178
2026/04/26,36,11.55,26.64,9.07,14.57,15.59,1233.7,223
2026/04/26,37,17.27,28.38,9.00,10.01,13.57,1487.0,262
2026/04/26,38,13.62,23.43,9.00,14.16,13.48,1659.4,241
2026/04/26,39,25.00,28.10,9.00,12.65,14.22,1654.4,241
2026/04/26,40,22.79,23.19,9.00,14.59,13.77,1647.9,232
2026/04/26,41,22.38,40.00,8.74,14.62,15.50,1398.2,215
2026/04/26,42,32.00,41.00,8.93,25.00,23.04,1962.2,208
2026/04/26,43,32.00,41.00,8.63,14.57,31.19,1267.0,153
2026/04/26,44,21.69,22.09,8.84,13.90,18.20,584.1,109
2026/04/26,45,14.84,21.60,8.61,11.34,15.92,575.1,122
2026/04/26,46,14.72,21.60,8.93,14.62,11.91,1329.0,191
2026/04/26,47,14.68,20.78,8.61,12.91,15.30,715.6,138
2026/04/26,48,14.21,30.00,7.75,10.01,14.10,777.4,163
2026/04/27,1,15.00,17.73,8.34,14.88,14.86,204.1,46
2026/04/27,2,15.00,20.86,8.51,14.23,16.24,199.6,46
2026/04/27,3,15.00,18.00,7.05,14.23,14.87,185.0,47
2026/04/27,4,15.00,18.00,7.05,14.73,14.63,187.7,52
2026/04/27,5,14.53,18.30,7.05,14.54,15.95,247.9,61
2026/04/27,6,14.80,19.55,7.05,8.48,16.21,252.9,70
2026/04/27,7,15.00,19.55,8.11,15.00,16.06,209.7,66
2026/04/27,8,15.18,18.78,8.08,8.08,15.77,219.9,66
2026/04/27,9,15.00,19.55,8.15,15.20,15.66,211.5,55
2026/04/27,10,15.93,19.55,8.11,17.00,16.35,229.4,63
2026/04/27,11,15.89,19.55,8.22,15.89,16.51,290.7,78
2026/04/27,12,16.00,19.55,8.15,10.01,15.95,367.0,82
2026/04/27,13,16.89,19.00,7.05,10.17,15.25,503.9,114
2026/04/27,14,19.83,24.43,8.12,19.83,19.85,340.4,94
2026/04/27,15,22.28,45.00,6.61,14.00,20.28,472.0,124
2026/04/27,16,26.48,30.08,4.88,21.00,20.18,714.8,125
2026/04/27,17,0.20,33.93,0.01,17.91,22.59,1000.5,179
2026/04/27,18,0.20,25.50,0.01,16.01,20.25,836.4,175
2026/04/27,19,0.20,32.78,0.01,18.18,20.83,758.9,198
2026/04/27,20,0.20,50.00,0.01,18.19,34.46,1613.8,195
2026/04/27,21,0.20,45.83,0.01,35.77,28.89,1034.7,163
2026/04/27,22,0.20,49.99,0.01,22.63,24.02,1069.7,198
2026/04/27,23,0.20,45.00,0.01,14.78,18.98,1358.8,238
2026/04/27,24,0.20,49.99,0.01,22.58,17.56,1164.7,259
2026/04/27,25,0.20,21.55,0.01,17.89,11.46,1045.7,243
2026/04/27,26,0.20,19.48,0.01,17.93,9.82,1316.8,263
2026/04/27,27,0.20,23.00,0.01,18.50,12.47,1199.1,262
2026/04/27,28,0.20,20.09,0.01,18.50,13.94,1086.7,261
2026/04/27,29,0.20,23.00,0.01,14.61,13.40,938.6,276
2026/04/27,30,0.20,22.63,0.01,0.32,12.11,1035.3,267
2026/04/27,31,0.20,23.18,0.01,3.56,11.95,995.8,324
2026/04/27,32,0.20,18.53,0.01,15.12,13.48,1353.9,292
2026/04/27,33,15.09,18.84,1.53,15.00,13.86,745.5,217
2026/04/27,34,17.50,18.53,1.93,14.87,15.49,928.0,289
2026/04/27,35,16.50,17.08,0.01,12.23,15.00,1089.9,285
2026/04/27,36,18.20,20.84,5.91,17.65,16.20,1457.3,277
2026/04/27,37,22.50,24.50,7.34,22.44,19.47,1183.6,268
2026/04/27,38,21.00,23.00,10.97,20.90,18.61,1307.9,287
2026/04/27,39,20.00,22.00,8.19,15.39,17.38,1190.1,259
2026/04/27,40,18.04,20.46,7.34,14.56,15.58,1164.8,243
2026/04/27,41,19.09,19.09,7.82,15.71,14.86,943.8,216
2026/04/27,42,16.90,19.44,0.01,14.19,14.55,1148.4,249
2026/04/27,43,15.48,18.58,1.25,15.20,14.99,875.3,218
2026/04/27,44,15.24,18.34,9.90,15.06,14.45,1024.1,241
2026/04/27,45,15.56,18.66,9.85,14.44,14.54,947.6,227
2026/04/27,46,19.70,20.79,7.48,14.29,15.46,1108.3,266
2026/04/27,47,18.70,20.00,8.10,18.99,14.90,934.7,230
2026/04/27,48,17.27,17.28,8.33,11.66,12.01,1209.6,231
2026/04/28,1,14.66,15.16,3.94,14.82,14.13,304.3,82
2026/04/28,2,14.22,15.28,4.23,13.29,14.12,266.8,89
2026/04/28,3,14.17,15.32,4.49,14.77,14.16,243.5,81
2026/04/28,4,13.67,15.66,4.71,13.88,13.86,211.7,87
2026/04/28,5,15.66,16.44,0.01,15.17,10.77,713.7,131
2026/04/28,6,14.09,19.55,10.69,15.63,14.34,469.6,94
2026/04/28,7,14.17,18.20,8.34,18.20,13.88,407.7,96
2026/04/28,8,15.86,19.84,8.15,15.84,13.55,631.6,128
2026/04/28,9,17.83,20.83,8.87,17.73,16.63,442.3,130
2026/04/28,10,18.30,21.37,5.88,16.38,16.86,167.6,89
2026/04/28,11,18.27,19.27,5.88,13.16,16.54,203.8,96
2026/04/28,12,16.43,17.71,9.17,16.33,15.61,600.9,143
2026/04/28,13,14.17,17.74,7.01,14.66,11.09,551.3,140
2026/04/28,14,10.00,17.48,7.02,9.51,12.02,215.7,124
2026/04/28,15,10.66,12.98,7.40,9.99,10.83,379.2,133
2026/04/28,16,7.90,14.00,7.61,7.62,10.22,697.0,198
2026/04/28,17,8.06,12.00,3.96,10.16,9.69,1097.9,219
2026/04/28,18,8.75,12.71,4.40,8.74,8.98,1086.5,243
2026/04/28,19,13.78,13.87,6.62,7.01,10.87,626.4,173
2026/04/28,20,5.38,14.71,1.80,4.40,9.28,1259.3,251
2026/04/28,21,5.00,12.00,0.02,4.11,7.98,1113.6,242
2026/04/28,22,7.98,9.29,0.01,5.99,7.32,1029.8,265
2026/04/28,23,0.01,12.00,0.01,6.97,8.72,895.7,282
2026/04/28,24,0.01,12.00,0.01,6.97,8.49,848.8,283
2026/04/28,25,0.01,10.00,0.01,6.00,7.28,974.0,305
2026/04/28,26,0.01,10.00,0.01,10.00,6.51,1004.5,294
2026/04/28,27,0.01,10.00,0.01,6.39,7.61,1093.1,287
2026/04/28,28,10.24,12.00,0.01,7.15,8.89,1140.6,305
2026/04/28,29,14.19,16.82,1.01,11.10,13.61,912.8,274
2026/04/28,30,14.84,16.86,6.91,11.75,14.02,1187.8,309
2026/04/28,31,14.78,17.00,6.91,7.40,13.92,1033.9,315
2026/04/28,32,16.33,17.08,0.01,6.54,14.79,1043.7,314
2026/04/28,33,18.50,21.00,7.40,16.95,16.04,858.7,272
2026/04/28,34,25.50,30.00,9.01,16.44,19.34,815.0,263
2026/04/28,35,25.50,30.00,10.11,23.66,18.73,1035.1,279
2026/04/28,36,35.50,45.01,12.08,16.28,29.91,1006.2,267
2026/04/28,37,45.00,50.00,10.79,22.00,32.28,1227.9,251
2026/04/28,38,45.70,63.78,2.00,8.71,37.55,1514.4,244
2026/04/28,39,45.00,50.00,2.00,15.39,34.29,1136.2,228
2026/04/28,40,25.50,29.50,5.00,23.66,21.38,688.1,213
2026/04/28,41,25.50,29.50,8.26,23.90,20.43,824.0,242
2026/04/28,42,25.00,26.00,8.26,18.00,20.24,459.6,214
2026/04/28,43,30.00,30.00,2.00,22.53,21.17,844.2,261
2026/04/28,44,25.00,25.79,2.00,18.10,18.06,589.1,209
2026/04/28,45,27.06,27.16,2.00,23.00,20.21,718.1,232
2026/04/28,46,25.00,27.76,2.00,16.37,18.59,695.9,238
2026/04/28,47,21.90,22.00,2.00,14.24,17.58,396.8,184
2026/04/28,48,16.73,19.93,2.00,19.93,15.20,450.1,169
2026/04/29,1,15.00,23.68,2.00,10.24,10.84,468.6,89
2026/04/29,2,15.00,24.13,9.27,14.01,12.71,619.8,125
2026/04/29,3,15.00,27.91,7.15,14.01,11.70,732.1,123
2026/04/29,4,15.00,16.50,7.15,10.01,10.76,705.8,111
2026/04/29,5,16.00,17.00,9.15,13.89,11.11,714.5,118
2026/04/29,6,17.00,25.55,9.12,13.13,12.27,687.1,155
2026/04/29,7,17.81,19.79,10.77,14.00,13.07,617.5,149
2026/04/29,8,20.07,23.78,11.19,14.53,14.10,801.6,166
2026/04/29,9,10.00,32.80,2.00,15.08,18.98,629.9,180
2026/04/29,10,26.93,36.98,6.91,14.00,19.91,254.5,103
2026/04/29,11,17.00,17.81,6.91,17.61,14.84,128.8,74
2026/04/29,12,15.70,16.71,8.03,14.01,12.23,422.9,117
2026/04/29,13,14.87,15.10,8.03,14.01,9.12,531.9,100
2026/04/29,14,8.96,15.10,8.73,14.01,12.02,221.1,101
2026/04/29,15,11.00,14.98,8.56,10.90,12.37,263.5,117
2026/04/29,16,8.63,15.07,6.92,13.70,13.32,450.6,166
2026/04/29,17,9.44,15.40,7.15,13.08,10.68,329.3,163
2026/04/29,18,10.55,30.00,6.91,10.01,9.89,306.6,150
2026/04/29,19,10.34,30.00,6.01,6.01,10.17,429.0,159
2026/04/29,20,9.75,17.00,7.61,7.96,10.33,493.3,169
2026/04/29,21,9.45,20.00,3.00,3.00,9.34,558.0,170
2026/04/29,22,9.13,14.82,0.01,6.99,9.57,820.9,199
2026/04/29,23,9.13,30.00,0.01,9.60,9.49,816.7,195
2026/04/29,24,9.41,30.00,0.01,4.01,9.47,972.8,209
2026/04/29,25,5.00,30.00,0.01,10.01,9.30,942.9,244
2026/04/29,26,3.31,30.00,0.01,12.00,8.97,924.3,233
2026/04/29,27,3.85,16.77,0.01,4.10,9.37,1096.1,262
2026/04/29,28,3.31,30.00,2.32,10.00,9.62,1113.8,270
2026/04/29,29,11.32,30.00,0.10,0.10,10.73,1055.9,244
2026/04/29,30,10.42,30.00,0.01,7.13,10.98,962.6,280
2026/04/29,31,8.54,29.00,5.93,5.94,10.16,1156.1,336
2026/04/29,32,14.08,17.17,4.01,4.01,11.63,1408.5,330
2026/04/29,33,10.00,16.77,6.92,9.71,10.95,1036.7,285
2026/04/29,34,15.19,16.99,10.11,13.20,14.33,959.7,280
2026/04/29,35,16.46,22.00,12.39,16.09,15.66,838.9,284
2026/04/29,36,23.75,25.35,12.21,15.56,17.28,864.5,235
2026/04/29,37,34.10,36.90,13.86,15.00,25.19,1316.1,248
2026/04/29,38,34.10,35.84,13.84,22.78,25.69,1434.4,249
2026/04/29,39,34.10,36.90,12.66,13.13,24.90,1396.1,255
2026/04/29,40,28.50,30.40,12.29,30.40,21.83,1214.3,239
2026/04/29,41,25.19,26.19,14.07,18.54,20.94,1112.7,201
2026/04/29,42,24.35,25.25,14.05,25.25,19.74,1246.3,242
2026/04/29,43,24.35,29.25,12.03,14.01,18.53,1288.0,246
2026/04/29,44,24.35,25.25,11.26,14.69,17.49,1084.8,245
2026/04/29,45,17.44,19.00,11.88,14.57,15.42,768.5,227
2026/04/29,46,15.65,17.00,11.59,15.60,14.80,821.5,213
2026/04/29,47,15.50,16.60,13.36,15.39,15.10,735.5,200
2026/04/29,48,14.69,17.00,7.05,17.00,12.82,876.1,214
2026/04/30,1,15.04,16.07,6.73,14.94,14.05,211.5,63
2026/04/30,2,15.22,16.46,9.03,14.21,14.75,179.8,56
2026/04/30,3,14.99,16.01,8.93,13.99,14.19,162.1,55
2026/04/30,4,15.01,16.01,7.02,11.83,8.80,476.7,97
2026/04/30,5,8.61,16.42,8.61,15.73,11.61,351.3,71
2026/04/30,6,8.50,16.52,8.19,16.12,14.43,110.4,55
2026/04/30,7,16.60,19.50,8.39,16.20,15.26,186.1,60
2026/04/30,8,16.73,19.64,8.46,14.25,15.52,226.6,62
2026/04/30,9,16.85,19.75,7.05,10.33,13.03,546.6,92
2026/04/30,10,16.55,19.45,8.82,13.98,14.40,295.6,76
2026/04/30,11,16.57,19.47,8.82,10.89,14.82,279.4,74
2026/04/30,12,15.89,17.89,9.00,9.10,14.82,232.0,72
2026/04/30,13,15.45,17.40,8.51,10.01,14.50,291.5,82
2026/04/30,14,15.30,17.80,8.88,15.20,14.28,380.0,107
2026/04/30,15,8.84,18.21,7.81,9.53,13.58,534.0,126
2026/04/30,16,7.01,19.19,6.77,10.37,12.32,559.4,134
2026/04/30,17,16.08,20.00,7.01,13.00,12.41,838.8,157
2026/04/30,18,18.67,27.12,4.42,27.12,14.61,1050.0,200
2026/04/30,19,19.57,22.14,1.00,20.00,12.77,1034.6,220
2026/04/30,20,0.01,21.92,0.01,17.29,11.83,1093.3,259
2026/04/30,21,0.01,20.78,0.01,18.51,12.92,1229.8,259
2026/04/30,22,0.01,20.00,0.01,11.12,12.29,1355.8,280
2026/04/30,23,0.01,19.82,0.01,10.50,11.23,1158.4,276
2026/04/30,24,0.01,25.78,0.01,15.57,10.00,1212.5,296
2026/04/30,25,0.01,20.00,0.01,10.00,11.86,1615.4,314
2026/04/30,26,0.01,20.00,0.01,9.69,12.27,1413.9,294
2026/04/30,27,0.01,20.00,0.01,8.00,13.40,1602.9,370
2026/04/30,28,16.37,19.00,0.99,2.66,14.42,1567.4,343
2026/04/30,29,17.53,19.10,0.01,14.01,14.11,1488.7,327
2026/04/30,30,18.42,25.00,0.01,8.17,16.53,1352.8,336
2026/04/30,31,16.18,23.12,7.01,20.00,18.99,1119.5,281
2026/04/30,32,16.42,27.63,7.91,8.99,20.15,1094.2,298
2026/04/30,33,25.41,30.00,0.01,7.51,22.96,1306.4,293
2026/04/30,34,29.90,39.90,8.40,14.18,25.32,1496.9,309
2026/04/30,35,26.00,30.01,8.40,14.00,20.05,915.2,279
2026/04/30,36,25.00,28.10,8.24,25.00,21.26,1193.8,310
2026/04/30,37,25.41,30.00,8.31,13.90,23.53,1265.3,287
2026/04/30,38,26.30,29.60,8.33,23.20,24.06,1282.1,308
2026/04/30,39,24.00,27.90,8.30,20.90,22.88,1161.7,266
2026/04/30,40,25.15,27.90,8.22,20.90,22.41,1414.0,258
2026/04/30,41,22.25,25.00,8.23,18.00,19.77,967.8,231
2026/04/30,42,25.15,27.90,8.48,20.90,20.04,1418.3,260
2026/04/30,43,20.50,23.25,8.52,16.25,18.19,944.8,260
2026/04/30,44,17.62,20.62,13.19,16.62,17.76,836.9,222
2026/04/30,45,17.00,19.70,11.44,16.00,16.65,837.4,232
2026/04/30,46,16.14,80.00,12.68,14.89,16.53,759.7,228
2026/04/30,47,16.05,19.55,11.83,14.56,16.21,675.0,226
2026/04/30,48,15.78,17.15,0.01,14.79,14.71,495.5,173
2026/05/01,1,15.00,30.00,0.01,30.00,16.79,287.1,97
2026/05/01,2,15.00,18.00,7.84,18.00,15.82,194.8,76
2026/05/01,3,15.00,16.65,7.05,13.27,13.53,269.3,122
2026/05/01,4,15.11,16.57,0.01,14.02,13.36,364.0,111
2026/05/01,5,14.85,18.18,0.01,12.91,15.86,456.6,118
2026/05/01,6,15.44,16.97,0.01,11.99,14.51,287.3,107
2026/05/01,7,15.71,17.23,0.01,15.01,14.78,231.7,87
2026/05/01,8,15.77,17.29,9.32,15.33,14.05,426.5,101
2026/05/01,9,15.79,17.31,9.33,15.75,15.72,446.5,122
2026/05/01,10,15.57,19.00,9.32,15.87,15.01,440.9,112
2026/05/01,11,15.57,17.89,9.34,15.08,14.27,524.8,101
2026/05/01,12,15.55,17.69,9.32,14.70,14.60,392.7,111
2026/05/01,13,15.11,17.16,9.78,14.61,15.59,363.2,109
2026/05/01,14,15.34,19.54,0.01,15.76,15.58,324.9,108
2026/05/01,15,15.74,19.99,8.65,16.00,16.25,467.6,131
2026/05/01,16,0.20,18.62,0.01,14.31,15.63,805.8,170
2026/05/01,17,0.20,20.81,0.01,14.97,17.78,805.8,187
2026/05/01,18,0.20,25.40,0.01,14.20,18.17,731.2,193
2026/05/01,19,0.20,30.27,0.01,22.22,21.05,837.0,208
2026/05/01,20,0.20,26.86,0.01,26.86,17.08,900.7,242
2026/05/01,21,0.20,27.00,0.01,14.57,18.20,1207.6,236
2026/05/01,22,0.20,28.36,0.01,22.00,15.96,909.0,236
2026/05/01,23,0.20,26.00,0.01,0.01,15.08,791.3,211
2026/05/01,24,0.20,24.20,0.01,0.01,15.43,717.3,223
2026/05/01,25,0.20,20.98,0.01,5.17,13.19,1164.8,253
2026/05/01,26,0.20,21.00,0.01,5.99,13.07,1147.8,258
2026/05/01,27,0.20,23.31,0.01,8.44,13.41,1197.3,279
2026/05/01,28,0.20,20.27,0.01,8.00,13.32,1239.1,276
2026/05/01,29,0.20,23.42,0.01,12.00,13.08,1238.0,317
2026/05/01,30,0.20,30.00,0.01,0.01,12.80,1099.6,293
2026/05/01,31,0.20,18.00,0.01,8.01,12.54,999.1,304
2026/05/01,32,0.20,18.79,0.01,8.30,12.89,934.9,303
2026/05/01,33,0.20,18.40,0.01,12.78,12.52,743.9,283
2026/05/01,34,0.20,20.71,0.01,12.56,15.46,898.2,310
2026/05/01,35,17.05,21.15,2.90,5.96,15.58,869.4,287
2026/05/01,36,22.00,25.12,0.01,0.01,16.77,1044.5,290
2026/05/01,37,22.00,26.61,7.00,23.62,18.36,2548.2,355
2026/05/01,38,22.00,28.35,7.00,23.37,19.38,2234.9,359
2026/05/01,39,22.00,26.61,7.05,17.01,20.15,2205.0,344
2026/05/01,40,22.00,26.61,7.05,24.63,19.32,1935.7,315
2026/05/01,41,20.02,24.01,7.05,21.02,15.36,1192.7,283
2026/05/01,42,18.50,22.05,7.05,18.05,14.56,1311.0,278
2026/05/01,43,16.50,20.37,7.51,17.03,14.28,1160.4,259
2026/05/01,44,15.27,19.53,10.70,16.28,13.62,1256.7,269
2026/05/01,45,17.43,20.78,8.84,18.43,15.52,1628.4,297
2026/05/01,46,15.68,19.40,10.25,17.01,14.84,1542.8,282
2026/05/01,47,16.08,19.54,8.83,15.16,14.55,1480.5,277
2026/05/01,48,15.66,17.21,7.02,13.67,15.02,836.3,227
2026/05/02,1,18.90,21.42,7.49,21.42,18.54,564.8,102
2026/05/02,2,16.59,21.32,8.79,16.19,16.71,513.9,99
2026/05/02,3,17.50,18.50,7.00,14.51,15.78,465.2,108
2026/05/02,4,17.00,19.00,7.00,16.18,15.44,717.7,98
2026/05/02,5,17.50,20.50,7.88,14.75,17.51,576.9,100
2026/05/02,6,16.34,21.00,7.84,14.02,18.39,876.1,90
2026/05/02,7,16.37,20.87,12.09,15.00,18.36,1030.4,153
2026/05/02,8,16.55,20.82,12.18,15.00,18.10,1004.2,149
2026/05/02,9,16.25,21.01,11.44,17.96,17.81,992.5,149
2026/05/02,10,16.96,25.11,11.40,14.49,18.23,899.3,131
2026/05/02,11,18.00,18.56,12.50,16.00,15.74,557.1,129
2026/05/02,12,17.00,18.69,10.01,10.01,14.14,588.4,143
2026/05/02,13,14.80,15.20,8.01,8.01,11.44,632.4,159
2026/05/02,14,9.29,10.80,7.06,7.06,8.78,681.9,159
2026/05/02,15,1.02,4.00,0.01,0.01,2.39,1177.7,179
2026/05/02,16,0.13,3.00,0.01,0.02,0.83,1423.5,269
2026/05/02,17,0.01,1.00,0.01,0.01,0.17,1812.2,294
2026/05/02,18,0.01,5.00,0.01,0.01,0.47,1843.5,226
2026/05/02,19,0.01,1.00,0.01,0.01,0.05,1054.2,172
2026/05/02,20,0.01,1.00,0.01,0.01,0.03,1072.7,154
2026/05/02,21,0.01,1.01,0.01,0.01,0.09,1027.0,165
2026/05/02,22,0.01,0.01,0.01,0.01,0.01,1067.4,140
2026/05/02,23,0.01,0.08,0.01,0.01,0.01,977.7,123
2026/05/02,24,0.01,1.01,0.01,0.01,0.12,1092.1,151
2026/05/02,25,0.01,1.00,0.01,0.01,0.03,1049.9,142
2026/05/02,26,0.01,1.00,0.01,0.01,0.03,1334.4,188
2026/05/02,27,0.01,3.00,0.01,0.01,0.09,1158.4,190
2026/05/02,28,0.01,3.00,0.01,0.20,0.13,1043.3,178
2026/05/02,29,0.01,2.00,0.01,0.10,0.08,1984.1,265
2026/05/02,30,0.01,10.00,0.01,9.82,0.65,1470.8,245
2026/05/02,31,0.01,15.00,0.01,1.80,0.49,2355.3,348
2026/05/02,32,0.01,4.00,0.01,0.01,1.03,3730.1,508
2026/05/02,33,1.11,6.05,0.01,0.11,1.45,2677.7,383
2026/05/02,34,3.00,8.00,0.01,0.02,2.28,1925.2,396
2026/05/02,35,10.00,13.00,5.50,6.01,8.20,730.9,254
2026/05/02,36,15.67,16.13,0.38,10.01,12.37,598.0,219
2026/05/02,37,16.15,17.15,9.00,10.01,13.31,1694.7,314
2026/05/02,38,14.46,16.27,9.90,14.49,13.00,1636.3,268
2026/05/02,39,14.46,16.11,9.90,15.69,13.48,1750.5,263
2026/05/02,40,15.29,17.10,9.90,15.06,13.35,1698.5,278
2026/05/02,41,16.29,17.26,9.81,14.53,13.93,1904.4,302
2026/05/02,42,15.91,17.26,9.90,14.86,13.14,1978.6,299
2026/05/02,43,15.69,17.06,9.25,14.27,12.91,1813.2,290
2026/05/02,44,15.16,17.06,8.85,15.06,12.98,2137.0,304
2026/05/02,45,14.46,15.19,10.00,15.09,11.94,1596.8,245
2026/05/02,46,22.00,22.50,9.90,12.35,13.90,1776.9,310
2026/05/02,47,22.90,25.89,9.00,13.88,14.59,1908.5,323
2026/05/02,48,19.32,20.82,7.75,10.39,14.41,898.9,215
2026/05/03,1,15.00,16.57,0.01,8.99,10.37,349.5,69
2026/05/03,2,15.00,15.79,0.11,10.23,10.48,520.3,99
2026/05/03,3,14.84,15.25,0.11,10.01,10.04,418.9,81
2026/05/03,4,14.77,15.13,0.11,9.22,9.58,502.0,71
2026/05/03,5,14.84,15.25,0.11,14.50,11.04,516.0,102
2026/05/03,6,15.38,15.78,7.89,10.01,12.76,370.1,76
2026/05/03,7,15.39,15.79,10.50,13.13,12.30,980.7,136
2026/05/03,8,15.47,15.87,8.97,10.32,12.05,1028.7,139
2026/05/03,9,16.17,16.57,9.11,13.82,12.82,1005.9,127
2026/05/03,10,16.49,16.89,9.90,15.96,12.57,1065.4,123
2026/05/03,11,15.60,16.00,9.00,13.99,11.88,984.2,130
2026/05/03,12,14.59,14.99,7.93,9.51,10.71,927.1,136
2026/05/03,13,9.81,12.16,7.92,12.16,9.54,711.4,149
2026/05/03,14,8.76,11.76,8.09,11.53,9.41,557.5,144
2026/05/03,15,8.47,10.53,7.00,8.00,8.88,858.0,163
2026/05/03,16,9.30,10.60,6.66,7.00,8.77,518.5,127
2026/05/03,17,9.32,11.33,6.66,9.88,9.09,583.4,175
2026/05/03,18,9.30,12.46,4.84,5.84,7.50,754.7,161
2026/05/03,19,6.87,13.00,5.76,5.76,8.49,557.3,148
2026/05/03,20,7.90,13.00,6.40,8.82,8.75,735.2,163
2026/05/03,21,7.60,12.09,0.11,12.09,8.59,1035.5,206
2026/05/03,22,6.67,11.00,0.01,10.00,8.21,1455.9,237
2026/05/03,23,8.06,10.49,2.76,6.76,8.81,1269.9,208
2026/05/03,24,7.95,10.20,2.65,10.00,8.96,1246.5,211
2026/05/03,25,14.89,15.01,3.35,7.34,8.85,988.6,267
2026/05/03,26,8.19,18.19,3.37,14.00,10.82,1356.2,274
2026/05/03,27,12.22,20.00,4.90,13.23,12.14,1062.0,234
2026/05/03,28,12.00,15.49,5.52,9.46,11.51,1006.0,231
2026/05/03,29,12.00,14.84,6.99,9.32,11.49,856.2,222
2026/05/03,30,13.20,15.96,6.83,12.09,11.84,1259.2,261
2026/05/03,31,15.00,16.73,8.17,11.99,12.28,1132.2,212
2026/05/03,32,14.18,15.60,7.67,9.72,13.02,541.1,202
2026/05/03,33,10.76,14.98,7.67,8.20,12.10,1234.6,319
2026/05/03,34,12.92,16.51,8.08,11.09,13.74,837.9,247
2026/05/03,35,14.56,16.25,7.85,14.99,12.42,549.7,186
2026/05/03,36,16.28,16.68,9.58,14.50,12.42,1343.3,230
2026/05/03,37,17.00,18.50,9.24,10.01,13.40,1154.7,197
2026/05/03,38,18.01,18.79,11.79,14.69,13.70,1460.9,216
2026/05/03,39,17.58,18.63,9.00,13.79,13.58,1539.3,242
2026/05/03,40,16.86,17.26,10.90,14.99,13.46,1429.0,226
2026/05/03,41,15.68,17.55,10.00,14.99,13.37,1388.0,227
2026/05/03,42,15.35,16.05,9.64,10.65,11.73,1041.7,217
2026/05/03,43,15.39,15.79,7.90,14.25,10.73,595.5,160
2026/05/03,44,15.01,15.49,10.00,13.42,12.93,876.0,182
2026/05/03,45,14.50,15.00,9.34,14.90,12.65,926.3,201
2026/05/03,46,16.69,18.79,9.23,13.96,12.38,589.6,157
2026/05/03,47,16.69,18.79,9.24,9.24,12.92,451.9,146
2026/05/03,48,16.00,17.38,0.01,10.01,10.14,470.5,130
2026/05/04,1,12.00,15.64,7.05,10.07,13.16,630.5,91
2026/05/04,2,14.87,15.27,8.73,8.73,12.49,549.4,85
2026/05/04,3,14.17,15.07,8.61,10.01,13.53,487.3,75
2026/05/04,4,14.50,14.90,8.59,12.19,13.34,520.4,74
2026/05/04,5,15.39,15.79,8.77,15.69,13.25,382.7,77
2026/05/04,6,15.39,15.79,8.92,10.01,11.86,547.3,97
2026/05/04,7,15.53,15.93,8.72,10.01,11.71,717.0,107
2026/05/04,8,14.93,15.93,8.84,10.01,11.89,671.9,106
2026/05/04,9,14.81,15.81,8.92,10.01,11.91,595.4,87
2026/05/04,10,15.64,15.64,8.92,12.22,11.84,676.7,105
2026/05/04,11,15.64,15.81,8.92,15.81,11.33,522.0,90
2026/05/04,12,8.77,15.06,8.77,10.67,12.48,423.1,96
2026/05/04,13,9.05,14.67,7.92,13.33,11.16,393.0,98
2026/05/04,14,14.89,14.89,5.50,11.87,11.26,570.4,154
2026/05/04,15,0.01,10.60,0.01,10.60,8.36,847.8,216
2026/05/04,16,15.40,15.40,0.01,2.01,7.17,874.4,171
2026/05/04,17,15.00,15.35,0.01,14.45,5.55,1226.9,184
2026/05/04,18,13.98,14.38,0.01,9.98,6.23,542.0,161
2026/05/04,19,10.86,11.16,0.01,3.88,4.94,588.0,147
2026/05/04,20,0.01,9.00,0.01,0.06,4.36,564.4,141
2026/05/04,21,0.01,7.41,0.01,2.41,1.66,713.5,200
2026/05/04,22,0.01,7.10,0.01,1.00,2.09,842.9,153
2026/05/04,23,5.11,7.01,0.01,4.02,2.32,969.3,187
2026/05/04,24,5.12,7.00,0.01,0.01,2.30,1004.0,198
2026/05/04,25,3.11,7.00,0.01,3.01,2.66,1179.6,208
2026/05/04,26,2.11,7.50,0.01,2.01,2.86,1420.6,237
2026/05/04,27,1.26,7.50,0.01,1.16,2.35,1719.2,290
2026/05/04,28,2.11,7.00,0.01,2.01,2.37,1562.1,255
2026/05/04,29,0.01,15.00,0.01,15.00,3.86,666.5,182
2026/05/04,30,0.01,18.00,0.01,9.35,4.87,384.4,169
2026/05/04,31,0.01,25.19,0.01,9.42,3.78,1733.5,313
2026/05/04,32,0.01,10.70,0.01,0.20,2.54,2142.8,380
2026/05/04,33,3.77,13.59,0.01,3.78,3.07,2913.5,469
2026/05/04,34,7.34,10.55,0.01,0.02,4.08,2582.3,456
2026/05/04,35,10.71,15.81,0.01,0.13,5.63,1851.6,401
2026/05/04,36,14.63,18.35,5.00,10.01,14.14,607.4,226
2026/05/04,37,14.65,17.55,7.90,8.86,14.86,1142.7,251
2026/05/04,38,15.00,16.19,8.05,9.15,13.86,1223.9,252
2026/05/04,39,15.15,17.65,8.33,9.23,12.75,1337.7,274
2026/05/04,40,16.83,16.87,8.09,15.38,12.73,1504.6,285
2026/05/04,41,15.08,17.00,8.09,10.00,12.12,1410.0,307
2026/05/04,42,14.46,16.21,7.90,14.21,12.29,1314.3,274
2026/05/04,43,8.97,16.90,7.90,8.77,11.31,1418.5,279
2026/05/04,44,11.19,17.46,7.90,10.84,10.61,1477.5,267
2026/05/04,45,11.15,14.50,7.96,14.50,10.43,1357.5,249
2026/05/04,46,15.75,16.25,8.34,14.51,12.27,2114.7,260
2026/05/04,47,16.13,18.63,9.00,13.79,12.29,2178.0,274
2026/05/04,48,15.29,15.89,7.87,8.51,12.24,1511.8,235
2026/05/05,1,14.84,16.44,6.61,12.84,12.09,370.7,74
2026/05/05,2,14.72,19.24,7.90,10.00,12.12,642.5,90
2026/05/05,3,10.93,12.21,7.19,10.01,10.24,556.1,95
2026/05/05,4,10.90,18.14,7.76,10.00,11.49,619.5,108
2026/05/05,5,10.86,16.87,5.93,11.06,11.30,618.4,92
2026/05/05,6,11.34,17.00,8.04,11.24,11.16,516.0,78
2026/05/05,7,14.82,18.63,8.87,11.14,12.31,836.2,120
2026/05/05,8,14.98,18.62,8.75,14.88,12.52,1233.5,147
2026/05/05,9,14.89,17.52,7.05,10.01,12.65,1264.1,163
2026/05/05,10,14.92,18.39,8.09,10.01,12.39,1126.1,164
2026/05/05,11,15.19,19.19,8.74,10.01,12.87,1247.1,174
2026/05/05,12,8.99,11.84,8.00,8.00,10.36,937.8,170
2026/05/05,13,9.37,12.30,7.93,8.38,10.10,572.4,161
2026/05/05,14,0.01,5.50,0.01,5.49,2.30,2551.8,399
2026/05/05,15,0.01,1.01,0.01,0.01,0.19,2437.7,332
2026/05/05,16,0.01,1.00,0.01,0.20,0.10,2010.8,310
2026/05/05,17,0.01,0.21,0.01,0.21,0.03,3013.3,295
2026/05/05,18,0.01,0.11,0.01,0.01,0.01,2931.6,231
2026/05/05,19,0.01,0.01,0.01,0.01,0.01,1367.4,113
2026/05/05,20,0.01,0.01,0.01,0.01,0.01,1390.2,120
2026/05/05,21,0.01,0.01,0.01,0.01,0.01,1065.3,103
2026/05/05,22,0.01,0.01,0.01,0.01,0.01,1052.7,103
2026/05/05,23,0.01,0.01,0.01,0.01,0.01,1115.5,106
2026/05/05,24,0.01,0.01,0.01,0.01,0.01,1083.7,106
2026/05/05,25,0.01,0.01,0.01,0.01,0.01,1155.1,106
2026/05/05,26,0.01,0.01,0.01,0.01,0.01,1290.7,107
2026/05/05,27,0.01,0.01,0.01,0.01,0.01,1444.2,113
2026/05/05,28,0.01,0.01,0.01,0.01,0.01,1434.5,127
2026/05/05,29,0.01,0.31,0.01,0.01,0.02,2620.4,231
2026/05/05,30,0.01,0.11,0.01,0.01,0.02,2791.7,250
2026/05/05,31,0.01,0.31,0.01,0.01,0.02,2166.6,211
2026/05/05,32,0.01,0.50,0.01,0.01,0.04,2974.3,352
2026/05/05,33,0.01,5.00,0.01,2.17,1.13,4412.6,492
2026/05/05,34,6.30,6.30,0.01,3.33,1.94,2636.0,437
2026/05/05,35,9.66,13.00,0.01,5.69,4.98,1748.6,344
2026/05/05,36,11.89,13.11,0.11,8.99,11.23,1118.2,262
2026/05/05,37,12.69,17.29,7.90,14.59,12.54,1397.2,271
2026/05/05,38,12.82,16.82,9.79,13.89,13.76,3102.4,363
2026/05/05,39,13.59,16.24,9.30,13.78,13.29,3099.6,399
2026/05/05,40,13.59,17.02,9.99,13.18,13.55,3200.6,394
2026/05/05,41,13.59,16.59,8.74,14.49,13.20,2565.8,334
2026/05/05,42,12.15,16.16,8.65,13.85,11.98,1667.3,270
2026/05/05,43,12.51,17.08,8.51,16.00,11.85,1295.0,205
2026/05/05,44,9.04,15.29,7.02,10.78,10.59,767.8,165
2026/05/05,45,11.68,13.94,7.72,9.14,10.12,1006.1,237
2026/05/05,46,14.90,15.79,7.72,13.06,12.78,597.2,154
2026/05/05,47,14.90,15.77,7.74,11.46,12.86,995.6,189
2026/05/05,48,14.89,15.19,7.35,15.09,12.74,715.2,170
2026/05/06,1,15.20,18.30,7.10,7.10,14.48,100.2,57
2026/05/06,2,10.75,18.08,6.50,10.01,12.66,259.3,77
2026/05/06,3,9.13,17.60,6.50,14.51,14.64,178.7,62
2026/05/06,4,9.13,15.23,8.84,8.85,12.86,121.6,49
2026/05/06,5,14.52,15.12,8.52,14.52,10.67,259.3,73
2026/05/06,6,14.81,17.91,6.50,15.93,14.49,151.5,52
2026/05/06,7,14.95,15.54,8.71,10.01,10.77,759.4,110
2026/05/06,8,9.23,16.52,7.90,16.52,13.83,120.2,56
2026/05/06,9,15.00,18.00,7.94,14.90,12.42,183.8,62
2026/05/06,10,14.90,17.61,7.95,13.81,10.91,671.7,98
2026/05/06,11,14.67,16.50,6.50,14.02,12.56,728.8,116
2026/05/06,12,12.52,13.02,7.90,10.01,11.98,334.2,102
2026/05/06,13,9.16,13.00,7.56,11.02,9.82,275.1,104
2026/05/06,14,5.11,10.10,3.00,10.10,7.53,1049.9,223
2026/05/06,15,0.01,10.01,0.01,2.80,4.07,2585.3,407
2026/05/06,16,0.01,13.00,0.01,4.00,3.31,380.1,146
2026/05/06,17,0.01,15.20,0.01,0.01,4.79,1222.8,188
2026/05/06,18,0.01,15.20,0.01,0.02,4.75,1484.8,185
2026/05/06,19,0.01,20.01,0.01,0.51,4.25,825.5,180
2026/05/06,20,0.01,20.01,0.01,4.65,3.91,557.0,141
2026/05/06,21,0.02,20.01,0.01,0.01,8.70,603.9,145
2026/05/06,22,0.02,25.00,0.01,0.01,8.03,571.9,137
2026/05/06,23,1.80,20.00,0.01,2.91,9.02,771.0,158
2026/05/06,24,0.02,20.00,0.01,2.91,9.73,653.9,203
2026/05/06,25,9.89,17.48,0.01,0.01,10.21,594.8,147
2026/05/06,26,1.80,25.00,0.01,5.00,11.91,527.1,125
2026/05/06,27,9.99,20.00,0.01,5.00,10.02,544.3,148
2026/05/06,28,1.80,16.48,0.01,0.01,7.91,838.8,174
2026/05/06,29,0.10,19.71,0.01,14.01,5.89,1526.6,259
2026/05/06,30,0.10,17.49,0.01,0.01,7.30,1461.8,278
2026/05/06,31,13.53,17.24,0.01,3.31,8.09,2274.9,388
2026/05/06,32,16.10,20.10,0.01,15.21,5.73,1564.9,351
2026/05/06,33,10.11,24.15,0.01,10.11,6.01,1591.6,318
2026/05/06,34,13.41,19.47,0.01,2.90,11.33,866.0,226
2026/05/06,35,16.24,18.77,0.01,14.75,13.45,673.0,239
2026/05/06,36,17.00,20.05,8.00,20.05,14.84,658.2,209
2026/05/06,37,11.70,22.22,8.92,20.00,14.98,1083.7,263
2026/05/06,38,19.02,20.59,8.92,14.69,15.89,866.9,214
2026/05/06,39,19.80,22.00,8.88,20.00,13.39,1787.3,270
2026/05/06,40,9.13,20.32,8.13,17.51,14.90,708.1,197
2026/05/06,41,15.97,19.53,8.76,16.28,12.55,871.0,191
2026/05/06,42,15.83,20.00,8.01,15.93,15.29,525.1,147
2026/05/06,43,15.81,18.81,8.92,15.91,15.12,365.4,134
2026/05/06,44,15.77,18.87,8.50,15.89,12.50,716.9,148
2026/05/06,45,15.00,18.30,7.90,8.98,14.55,535.4,149
2026/05/06,46,17.80,21.00,9.19,17.50,14.07,1340.7,252
2026/05/06,47,17.49,18.49,8.16,17.39,13.96,1390.8,274
2026/05/06,48,16.48,19.58,7.90,8.96,14.94,532.1,156
2026/05/07,1,15.91,16.01,9.50,15.81,11.02,435.0,77
2026/05/07,2,15.28,15.48,9.50,14.35,11.92,205.2,62
2026/05/07,3,13.69,15.35,9.34,14.35,11.53,195.1,77
2026/05/07,4,13.40,15.54,9.16,14.94,11.60,196.8,77
2026/05/07,5,13.40,15.27,9.52,15.06,11.42,182.1,58
2026/05/07,6,13.89,15.64,8.75,15.63,12.12,197.8,70
2026/05/07,7,13.59,15.79,7.90,15.69,11.65,108.2,53
2026/05/07,8,16.39,16.99,9.00,16.99,10.29,445.7,76
2026/05/07,9,17.14,17.64,9.50,16.64,11.37,456.4,77
2026/05/07,10,17.95,18.15,9.50,17.35,11.30,473.6,74
2026/05/07,11,17.68,18.18,9.49,17.19,11.40,478.1,86
2026/05/07,12,15.69,16.29,9.50,16.29,10.59,573.0,108
2026/05/07,13,14.98,18.51,9.09,14.98,13.47,1179.8,149
2026/05/07,14,12.97,18.08,7.90,15.00,14.78,644.3,129
2026/05/07,15,11.00,20.00,6.87,8.21,14.82,955.6,166
2026/05/07,16,1.80,20.00,1.00,3.75,12.36,433.3,122
2026/05/07,17,0.01,18.12,0.01,7.00,12.68,600.7,183
2026/05/07,18,0.01,18.55,0.01,7.16,11.85,567.9,160
2026/05/07,19,0.01,17.52,0.01,14.21,12.08,770.3,178
2026/05/07,20,0.20,20.00,0.01,0.16,7.28,714.2,205
2026/05/07,21,0.01,17.50,0.01,0.01,8.74,1079.9,199
2026/05/07,22,0.01,20.00,0.01,0.02,8.08,840.5,192
2026/05/07,23,0.01,17.50,0.01,8.60,9.23,1173.8,225
2026/05/07,24,0.01,17.50,0.01,0.01,9.99,1283.7,258
2026/05/07,25,0.01,20.00,0.01,9.28,8.08,1198.8,252
2026/05/07,26,0.01,20.50,0.01,10.60,9.83,1101.3,238
2026/05/07,27,0.01,20.00,0.01,2.91,12.11,859.2,218
2026/05/07,28,0.20,20.00,0.01,0.08,13.37,890.9,235
2026/05/07,29,0.01,18.89,0.01,9.52,14.25,523.9,230
2026/05/07,30,0.01,20.00,0.01,7.57,13.59,457.0,235
2026/05/07,31,0.01,35.83,0.01,0.01,24.96,1117.6,257
2026/05/07,32,17.06,23.00,0.02,0.02,16.02,674.7,289
2026/05/07,33,15.04,19.04,7.75,15.14,15.94,1908.8,382
2026/05/07,34,11.05,18.88,9.04,14.53,16.27,1514.4,372
2026/05/07,35,19.50,22.24,9.73,17.21,16.34,1765.2,413
2026/05/07,36,24.14,24.14,8.92,14.96,15.78,1402.3,346
2026/05/07,37,29.50,29.50,8.99,28.74,17.75,1719.4,342
2026/05/07,38,30.00,30.00,8.87,25.00,20.00,2053.9,358
2026/05/07,39,27.64,30.00,8.86,16.52,19.44,1923.8,346
2026/05/07,40,19.30,28.63,0.01,19.80,15.59,1503.8,304
2026/05/07,41,19.01,21.25,5.89,19.71,14.32,1191.0,257
2026/05/07,42,18.50,21.10,11.00,21.10,15.28,1709.1,323
2026/05/07,43,18.50,21.60,11.50,18.80,15.17,1731.9,302
2026/05/07,44,17.05,19.90,11.76,17.16,15.03,1758.3,315
2026/05/07,45,19.01,19.74,11.41,16.75,15.26,1762.4,321
2026/05/07,46,19.90,23.10,11.18,20.11,14.77,1446.3,286
2026/05/07,47,21.00,24.00,9.66,21.89,14.54,1744.7,341
2026/05/07,48,19.33,19.80,9.53,18.10,13.34,1546.3,255
2026/05/08,1,19.12,19.22,9.72,19.12,14.29,361.3,117
2026/05/08,2,17.49,19.05,7.07,17.29,12.49,464.8,102
2026/05/08,3,16.37,18.35,7.07,16.46,14.30,585.8,97
2026/05/08,4,16.67,16.97,7.07,10.04,12.72,686.0,120
2026/05/08,5,17.21,17.22,9.99,17.22,13.09,621.5,109
2026/05/08,6,18.25,19.25,10.16,14.50,14.77,570.1,128
2026/05/08,7,19.43,19.43,8.93,18.93,17.80,613.7,133
2026/05/08,8,20.23,20.23,8.94,20.13,17.59,405.1,124
2026/05/08,9,20.04,23.14,8.94,20.15,19.20,624.9,128
2026/05/08,10,20.18,22.90,8.91,17.68,17.41,689.1,151
2026/05/08,11,20.65,20.75,10.00,20.65,17.26,467.0,136
2026/05/08,12,18.00,18.01,8.92,18.01,16.62,686.6,132
2026/05/08,13,16.30,18.69,8.87,10.00,15.03,1129.3,175
2026/05/08,14,15.79,18.73,8.22,14.80,14.65,1067.3,157
2026/05/08,15,15.32,20.22,7.98,14.00,13.72,790.1,169
2026/05/08,16,15.27,20.17,7.99,15.18,13.89,628.7,185
2026/05/08,17,15.79,18.95,8.02,8.02,14.61,870.5,188
2026/05/08,18,16.57,19.57,8.86,11.01,15.04,1053.7,212
2026/05/08,19,16.57,19.67,8.05,11.20,15.51,1232.3,231
2026/05/08,20,16.57,18.57,7.49,7.69,14.56,799.2,239
2026/05/08,21,16.08,19.18,5.76,7.01,15.62,976.6,232
2026/05/08,22,15.82,18.82,1.00,15.82,15.14,925.0,231
2026/05/08,23,0.08,18.82,0.01,15.82,14.47,1187.9,306
2026/05/08,24,0.08,17.49,0.01,0.01,14.09,1258.6,303
2026/05/08,25,0.08,18.42,0.01,14.50,12.27,1048.1,280
2026/05/08,26,0.08,19.00,0.01,0.31,12.94,1120.8,281
2026/05/08,27,0.08,20.45,0.01,11.16,15.65,1135.9,343
2026/05/08,28,0.08,31.19,0.01,26.32,20.63,1057.8,328
2026/05/08,29,0.08,31.39,0.01,0.99,20.90,1117.3,318
2026/05/08,30,0.08,33.23,0.01,33.23,21.84,1201.2,382
2026/05/08,31,0.01,30.50,0.01,0.01,20.46,1098.3,340
2026/05/08,32,32.40,32.51,0.40,2.64,24.82,2100.2,395
2026/05/08,33,30.00,33.00,3.01,30.01,25.02,925.5,275
2026/05/08,34,28.40,33.40,6.98,25.00,25.85,776.7,280
2026/05/08,35,28.23,31.23,7.00,8.00,21.78,721.6,243
2026/05/08,36,28.40,31.25,7.08,23.93,20.29,1200.0,304
2026/05/08,37,26.80,30.06,7.06,26.85,21.04,2518.3,368
2026/05/08,38,26.80,30.12,6.78,15.46,22.20,2589.1,369
2026/05/08,39,26.80,30.25,6.96,28.63,22.07,3050.7,394
2026/05/08,40,20.75,24.60,6.97,22.02,15.59,1611.5,288
2026/05/08,41,20.32,24.17,6.97,20.18,17.13,2226.1,321
2026/05/08,42,18.42,21.52,6.97,18.52,15.81,2071.0,331
2026/05/08,43,17.32,20.42,6.97,17.26,15.52,2127.8,304
2026/05/08,44,17.06,20.00,6.98,17.17,14.94,1886.9,279
2026/05/08,45,16.33,35.00,6.97,16.44,16.51,1991.8,267
2026/05/08,46,17.33,30.00,6.97,17.44,16.24,1712.4,251
2026/05/08,47,16.88,25.00,6.97,16.98,15.24,1779.7,284
2026/05/08,48,15.59,25.00,6.90,16.30,15.42,1813.2,253
2026/05/09,1,16.60,21.00,8.91,16.78,18.03,555.6,90
2026/05/09,2,16.52,22.00,9.13,10.46,17.80,667.3,74
2026/05/09,3,16.71,25.00,9.03,14.00,18.22,526.3,83
2026/05/09,4,16.60,22.00,9.22,16.28,17.77,494.7,72
2026/05/09,5,16.60,80.00,9.50,80.00,16.81,441.1,65
2026/05/09,6,16.60,20.00,11.01,16.78,17.32,416.9,72
2026/05/09,7,13.96,20.00,10.16,15.95,16.68,483.6,111
2026/05/09,8,18.05,19.98,7.87,18.16,16.60,859.3,165
2026/05/09,9,18.16,20.16,0.01,18.16,15.47,622.9,129
2026/05/09,10,18.50,20.00,10.00,11.00,15.76,634.5,132
2026/05/09,11,16.71,18.00,10.00,16.82,13.74,552.9,100
2026/05/09,12,15.91,19.91,10.00,16.02,14.79,837.1,199
2026/05/09,13,11.55,13.00,5.00,10.01,10.97,623.6,172
2026/05/09,14,7.49,10.37,0.01,7.60,7.32,461.1,146
2026/05/09,15,0.05,3.90,0.01,3.90,1.68,944.4,205
2026/05/09,16,0.05,4.95,0.01,0.98,3.28,1210.1,208
2026/05/09,17,0.05,2.35,0.01,2.35,1.06,1121.4,243
2026/05/09,18,0.13,2.00,0.01,0.01,0.42,909.1,269
2026/05/09,19,0.13,1.00,0.01,0.01,0.20,1086.2,277
2026/05/09,20,0.01,0.80,0.01,0.01,0.04,1350.5,267
2026/05/09,21,0.01,0.13,0.01,0.01,0.02,1709.9,261
2026/05/09,22,0.01,0.80,0.01,0.80,0.04,1641.5,234
2026/05/09,23,0.01,1.00,0.01,0.01,0.10,1859.5,236
2026/05/09,24,0.01,1.00,0.01,0.01,0.10,1799.0,233
2026/05/09,25,0.01,1.11,0.01,0.01,0.11,1971.9,254
2026/05/09,26,0.01,1.00,0.01,0.01,0.08,1719.1,247
2026/05/09,27,0.01,1.00,0.01,0.01,0.05,1531.5,254
2026/05/09,28,0.01,3.00,0.01,0.01,0.11,1406.1,250
2026/05/09,29,0.01,5.62,0.01,0.01,0.46,1249.5,243
2026/05/09,30,0.05,5.50,0.01,0.01,1.20,1420.6,261
2026/05/09,31,9.54,20.00,0.01,0.01,1.97,1036.2,253
2026/05/09,32,0.50,6.95,0.01,0.61,2.27,2043.8,353
2026/05/09,33,0.20,9.65,0.01,1.66,4.09,2061.0,317
2026/05/09,34,0.20,9.90,0.01,3.15,6.18,1155.0,234
2026/05/09,35,0.20,14.15,0.01,11.20,11.35,1012.5,199
2026/05/09,36,15.64,17.74,9.05,12.01,15.17,1178.8,250
2026/05/09,37,16.94,18.94,10.00,12.01,15.79,1847.2,284
2026/05/09,38,16.48,18.00,8.93,15.49,15.57,2195.8,343
2026/05/09,39,17.46,18.50,8.92,15.57,16.01,2293.5,331
2026/05/09,40,16.83,18.50,8.92,16.80,14.95,2404.8,339
2026/05/09,41,16.60,18.50,8.09,13.20,14.58,2410.4,343
2026/05/09,42,16.58,18.50,7.05,12.01,14.59,1962.7,302
2026/05/09,43,15.40,19.10,8.92,19.10,14.83,1498.4,264
2026/05/09,44,15.50,19.01,9.13,14.32,14.56,1448.4,219
2026/05/09,45,17.40,17.58,10.16,14.34,14.54,1101.4,212
2026/05/09,46,22.00,23.00,11.10,14.01,15.99,1494.2,264
2026/05/09,47,21.77,21.77,11.88,14.01,16.02,1215.1,244
2026/05/09,48,18.29,18.46,7.92,18.26,15.16,783.0,190
2026/05/10,1,11.70,19.00,3.00,13.10,13.81,325.8,72
2026/05/10,2,11.40,19.00,6.20,16.77,12.48,413.8,78
2026/05/10,3,16.15,16.45,3.00,9.65,13.57,162.3,53
2026/05/10,4,6.20,16.42,3.00,14.65,14.37,146.2,48
2026/05/10,5,16.46,16.77,11.77,14.37,13.62,384.3,90
2026/05/10,6,12.91,16.78,10.00,16.78,13.08,444.1,102
2026/05/10,7,12.60,18.00,3.00,10.01,14.22,538.1,103
2026/05/10,8,17.26,17.26,3.00,10.08,13.45,403.0,88
2026/05/10,9,16.20,17.30,10.00,14.75,13.71,524.1,105
2026/05/10,10,17.20,17.49,3.00,10.84,14.22,736.8,118
2026/05/10,11,16.63,16.74,3.00,16.74,13.88,721.7,116
2026/05/10,12,16.05,18.60,3.00,14.55,15.11,721.5,134
2026/05/10,13,10.64,13.66,0.01,9.00,9.91,880.5,149
2026/05/10,14,4.00,6.89,0.02,2.90,4.08,506.1,124
2026/05/10,15,0.01,2.46,0.01,0.01,0.73,2275.4,322
2026/05/10,16,0.01,7.23,0.01,7.23,0.91,1135.3,208
2026/05/10,17,0.01,7.90,0.01,0.01,1.01,1004.3,182
2026/05/10,18,0.01,5.00,0.01,0.01,0.25,1155.1,168
2026/05/10,19,0.01,0.11,0.01,0.01,0.01,1245.0,135
2026/05/10,20,0.01,0.01,0.01,0.01,0.01,1397.7,151
2026/05/10,21,0.01,0.01,0.01,0.01,0.01,1319.3,136
2026/05/10,22,0.01,0.01,0.01,0.01,0.01,1305.5,138
2026/05/10,23,0.01,0.01,0.01,0.01,0.01,1274.4,128
2026/05/10,24,0.01,0.01,0.01,0.01,0.01,1192.9,125
2026/05/10,25,0.01,0.11,0.01,0.01,0.01,1315.4,125
2026/05/10,26,0.01,0.90,0.01,0.01,0.04,1271.4,131
2026/05/10,27,0.01,3.00,0.01,0.01,0.18,1206.6,151
2026/05/10,28,0.11,7.00,0.01,0.01,0.61,1496.9,137
2026/05/10,29,0.11,6.11,0.01,3.98,0.61,1496.7,149
2026/05/10,30,2.90,8.00,0.01,8.00,0.11,963.1,145
2026/05/10,31,9.46,15.20,0.01,0.11,1.17,770.6,152
2026/05/10,32,0.01,5.00,0.01,0.12,0.50,1028.3,252
2026/05/10,33,1.58,4.55,0.01,3.50,1.55,1041.0,160
2026/05/10,34,9.47,13.00,0.01,8.59,4.86,1203.1,213
2026/05/10,35,15.97,16.93,0.11,8.34,12.71,505.3,162
2026/05/10,36,16.79,18.12,3.00,10.01,12.66,835.2,167
2026/05/10,37,19.19,20.69,3.00,14.90,15.10,1063.1,177
2026/05/10,38,23.90,23.90,11.75,15.23,16.66,1678.0,223
2026/05/10,39,14.75,20.00,9.11,16.01,15.36,946.2,185
2026/05/10,40,18.83,19.83,4.50,15.86,13.92,1189.4,215
2026/05/10,41,18.50,19.59,7.07,16.01,13.63,905.9,179
2026/05/10,42,17.32,18.32,3.00,12.20,13.37,966.3,168
2026/05/10,43,17.00,17.61,3.00,17.61,13.11,816.5,150
2026/05/10,44,16.44,19.55,3.00,17.05,13.02,867.4,157
2026/05/10,45,15.78,16.78,3.00,16.28,13.24,1275.4,175
2026/05/10,46,17.09,18.59,3.00,17.59,12.89,750.1,146
2026/05/10,47,17.00,18.50,3.00,17.40,13.48,679.2,153
2026/05/10,48,3.00,17.51,3.00,9.16,11.97,273.2,99
2026/05/11,1,18.00,18.83,8.44,9.08,15.69,269.1,55
2026/05/11,2,17.54,17.54,7.74,9.08,15.06,266.5,49
